DROP TABLE IF EXISTS "business_services_locales" CASCADE;
CREATE TABLE "business_services_locales" (  "title" character varying NOT NULL,
  "description" character varying,
  "id" integer NOT NULL DEFAULT nextval('business_services_locales_id_seq'::regclass),
  "_locale" USER-DEFINED NOT NULL,
  "_parent_id" uuid NOT NULL,
  "url_name" character varying
);

DROP TABLE IF EXISTS "business_services" CASCADE;
CREATE TABLE "business_services" (  "id" uuid NOT NULL DEFAULT gen_random_uuid(),
  "tenant_id" uuid,
  "order" numeric,
  "updated_at" timestamp with time zone NOT NULL DEFAULT now(),
  "created_at" timestamp with time zone NOT NULL DEFAULT now(),
  "url" character varying
);

DROP TABLE IF EXISTS "payload_kv" CASCADE;
CREATE TABLE "payload_kv" (  "id" uuid NOT NULL DEFAULT gen_random_uuid(),
  "key" character varying NOT NULL,
  "data" jsonb NOT NULL
);

DROP TABLE IF EXISTS "partners_carousel_settings" CASCADE;
CREATE TABLE "partners_carousel_settings" (  "id" uuid NOT NULL DEFAULT gen_random_uuid(),
  "tenant_id" uuid,
  "autoplay" boolean DEFAULT true,
  "autoplay_speed" numeric DEFAULT 5000,
  "updated_at" timestamp with time zone NOT NULL DEFAULT now(),
  "created_at" timestamp with time zone NOT NULL DEFAULT now()
);

DROP TABLE IF EXISTS "payload_migrations" CASCADE;
CREATE TABLE "payload_migrations" (  "id" uuid NOT NULL DEFAULT gen_random_uuid(),
  "name" character varying,
  "batch" numeric,
  "updated_at" timestamp with time zone NOT NULL DEFAULT now(),
  "created_at" timestamp with time zone NOT NULL DEFAULT now()
);

DROP TABLE IF EXISTS "tenants" CASCADE;
CREATE TABLE "tenants" (  "id" uuid NOT NULL DEFAULT gen_random_uuid(),
  "name" character varying,
  "slug" character varying,
  "updated_at" timestamp with time zone NOT NULL DEFAULT now(),
  "created_at" timestamp with time zone NOT NULL DEFAULT now(),
  "_status" USER-DEFINED DEFAULT 'draft'::enum_tenants_status
);

DROP TABLE IF EXISTS "media" CASCADE;
CREATE TABLE "media" (  "id" uuid NOT NULL DEFAULT gen_random_uuid(),
  "tenant_id" uuid,
  "alt" character varying NOT NULL,
  "updated_at" timestamp with time zone NOT NULL DEFAULT now(),
  "created_at" timestamp with time zone NOT NULL DEFAULT now(),
  "url" character varying,
  "thumbnail_u_r_l" character varying,
  "filename" character varying,
  "mime_type" character varying,
  "filesize" numeric,
  "width" numeric,
  "height" numeric,
  "focal_x" numeric,
  "focal_y" numeric,
  "sizes_thumbnail_url" character varying,
  "sizes_thumbnail_width" numeric,
  "sizes_thumbnail_height" numeric,
  "sizes_thumbnail_mime_type" character varying,
  "sizes_thumbnail_filesize" numeric,
  "sizes_thumbnail_filename" character varying,
  "sizes_square_url" character varying,
  "sizes_square_width" numeric,
  "sizes_square_height" numeric,
  "sizes_square_mime_type" character varying,
  "sizes_square_filesize" numeric,
  "sizes_square_filename" character varying,
  "sizes_small_url" character varying,
  "sizes_small_width" numeric,
  "sizes_small_height" numeric,
  "sizes_small_mime_type" character varying,
  "sizes_small_filesize" numeric,
  "sizes_small_filename" character varying,
  "sizes_medium_url" character varying,
  "sizes_medium_width" numeric,
  "sizes_medium_height" numeric,
  "sizes_medium_mime_type" character varying,
  "sizes_medium_filesize" numeric,
  "sizes_medium_filename" character varying,
  "sizes_large_url" character varying,
  "sizes_large_width" numeric,
  "sizes_large_height" numeric,
  "sizes_large_mime_type" character varying,
  "sizes_large_filesize" numeric,
  "sizes_large_filename" character varying,
  "sizes_xlarge_url" character varying,
  "sizes_xlarge_width" numeric,
  "sizes_xlarge_height" numeric,
  "sizes_xlarge_mime_type" character varying,
  "sizes_xlarge_filesize" numeric,
  "sizes_xlarge_filename" character varying
);

DROP TABLE IF EXISTS "users" CASCADE;
CREATE TABLE "users" (  "id" uuid NOT NULL DEFAULT gen_random_uuid(),
  "role" USER-DEFINED DEFAULT 'user'::enum_users_role,
  "tenant_id" uuid,
  "updated_at" timestamp with time zone NOT NULL DEFAULT now(),
  "created_at" timestamp with time zone NOT NULL DEFAULT now(),
  "email" character varying NOT NULL,
  "reset_password_token" character varying,
  "reset_password_expiration" timestamp with time zone,
  "salt" character varying,
  "hash" character varying,
  "login_attempts" numeric DEFAULT 0,
  "lock_until" timestamp with time zone
);

DROP TABLE IF EXISTS "users_sessions" CASCADE;
CREATE TABLE "users_sessions" (  "_order" integer NOT NULL,
  "_parent_id" uuid NOT NULL,
  "id" character varying NOT NULL,
  "created_at" timestamp with time zone,
  "expires_at" timestamp with time zone NOT NULL
);

DROP TABLE IF EXISTS "_tenants_v" CASCADE;
CREATE TABLE "_tenants_v" (  "id" uuid NOT NULL DEFAULT gen_random_uuid(),
  "parent_id" uuid,
  "version_name" character varying,
  "version_slug" character varying,
  "version_updated_at" timestamp with time zone,
  "version_created_at" timestamp with time zone,
  "version__status" USER-DEFINED DEFAULT 'draft'::enum__tenants_v_version_status,
  "created_at" timestamp with time zone NOT NULL DEFAULT now(),
  "updated_at" timestamp with time zone NOT NULL DEFAULT now(),
  "snapshot" boolean,
  "published_locale" USER-DEFINED,
  "latest" boolean
);

DROP TABLE IF EXISTS "business_profile" CASCADE;
CREATE TABLE "business_profile" (  "id" uuid NOT NULL DEFAULT gen_random_uuid(),
  "tenant_id" uuid,
  "logo_light_id" uuid,
  "logo_dark_id" uuid,
  "updated_at" timestamp with time zone NOT NULL DEFAULT now(),
  "created_at" timestamp with time zone NOT NULL DEFAULT now()
);

DROP TABLE IF EXISTS "business_partners" CASCADE;
CREATE TABLE "business_partners" (  "id" uuid NOT NULL DEFAULT gen_random_uuid(),
  "tenant_id" uuid,
  "logo_id" uuid NOT NULL,
  "website" character varying,
  "order" numeric,
  "updated_at" timestamp with time zone NOT NULL DEFAULT now(),
  "created_at" timestamp with time zone NOT NULL DEFAULT now()
);

DROP TABLE IF EXISTS "image_galleries_images" CASCADE;
CREATE TABLE "image_galleries_images" (  "_order" integer NOT NULL,
  "_parent_id" uuid NOT NULL,
  "id" character varying NOT NULL,
  "image_id" uuid NOT NULL
);

DROP TABLE IF EXISTS "business_locations" CASCADE;
CREATE TABLE "business_locations" (  "id" uuid NOT NULL DEFAULT gen_random_uuid(),
  "tenant_id" uuid,
  "google_map_link" character varying,
  "order" numeric,
  "updated_at" timestamp with time zone NOT NULL DEFAULT now(),
  "created_at" timestamp with time zone NOT NULL DEFAULT now()
);

DROP TABLE IF EXISTS "payload_locked_documents" CASCADE;
CREATE TABLE "payload_locked_documents" (  "id" uuid NOT NULL DEFAULT gen_random_uuid(),
  "global_slug" character varying,
  "updated_at" timestamp with time zone NOT NULL DEFAULT now(),
  "created_at" timestamp with time zone NOT NULL DEFAULT now()
);

DROP TABLE IF EXISTS "image_galleries" CASCADE;
CREATE TABLE "image_galleries" (  "id" uuid NOT NULL DEFAULT gen_random_uuid(),
  "tenant_id" uuid,
  "updated_at" timestamp with time zone NOT NULL DEFAULT now(),
  "created_at" timestamp with time zone NOT NULL DEFAULT now(),
  "autoplay" boolean DEFAULT true,
  "autoplay_delay" numeric DEFAULT 5000
);

DROP TABLE IF EXISTS "payload_preferences" CASCADE;
CREATE TABLE "payload_preferences" (  "id" uuid NOT NULL DEFAULT gen_random_uuid(),
  "key" character varying,
  "value" jsonb,
  "updated_at" timestamp with time zone NOT NULL DEFAULT now(),
  "created_at" timestamp with time zone NOT NULL DEFAULT now()
);

DROP TABLE IF EXISTS "payload_preferences_rels" CASCADE;
CREATE TABLE "payload_preferences_rels" (  "id" integer NOT NULL DEFAULT nextval('payload_preferences_rels_id_seq'::regclass),
  "order" integer,
  "parent_id" uuid NOT NULL,
  "path" character varying NOT NULL,
  "users_id" uuid
);

DROP TABLE IF EXISTS "contact_departments" CASCADE;
CREATE TABLE "contact_departments" (  "id" uuid NOT NULL DEFAULT gen_random_uuid(),
  "tenant_id" uuid,
  "whatsapp" boolean DEFAULT false,
  "telegram" boolean DEFAULT false,
  "telephone" boolean DEFAULT false,
  "order" numeric,
  "updated_at" timestamp with time zone NOT NULL DEFAULT now(),
  "created_at" timestamp with time zone NOT NULL DEFAULT now(),
  "sms" boolean DEFAULT false
);

DROP TABLE IF EXISTS "social_links" CASCADE;
CREATE TABLE "social_links" (  "id" uuid NOT NULL DEFAULT gen_random_uuid(),
  "tenant_id" uuid,
  "updated_at" timestamp with time zone NOT NULL DEFAULT now(),
  "created_at" timestamp with time zone NOT NULL DEFAULT now(),
  "image_id" uuid NOT NULL,
  "url" character varying NOT NULL,
  "order" numeric DEFAULT 0
);

DROP TABLE IF EXISTS "pg_stat_statements_info" CASCADE;
CREATE TABLE "pg_stat_statements_info" (  "dealloc" bigint,
  "stats_reset" timestamp with time zone
);

DROP TABLE IF EXISTS "pg_stat_statements" CASCADE;
CREATE TABLE "pg_stat_statements" (  "userid" oid,
  "dbid" oid,
  "toplevel" boolean,
  "queryid" bigint,
  "query" text,
  "plans" bigint,
  "total_plan_time" double precision,
  "min_plan_time" double precision,
  "max_plan_time" double precision,
  "mean_plan_time" double precision,
  "stddev_plan_time" double precision,
  "calls" bigint,
  "total_exec_time" double precision,
  "min_exec_time" double precision,
  "max_exec_time" double precision,
  "mean_exec_time" double precision,
  "stddev_exec_time" double precision,
  "rows" bigint,
  "shared_blks_hit" bigint,
  "shared_blks_read" bigint,
  "shared_blks_dirtied" bigint,
  "shared_blks_written" bigint,
  "local_blks_hit" bigint,
  "local_blks_read" bigint,
  "local_blks_dirtied" bigint,
  "local_blks_written" bigint,
  "temp_blks_read" bigint,
  "temp_blks_written" bigint,
  "shared_blk_read_time" double precision,
  "shared_blk_write_time" double precision,
  "local_blk_read_time" double precision,
  "local_blk_write_time" double precision,
  "temp_blk_read_time" double precision,
  "temp_blk_write_time" double precision,
  "wal_records" bigint,
  "wal_fpi" bigint,
  "wal_bytes" numeric,
  "jit_functions" bigint,
  "jit_generation_time" double precision,
  "jit_inlining_count" bigint,
  "jit_inlining_time" double precision,
  "jit_optimization_count" bigint,
  "jit_optimization_time" double precision,
  "jit_emission_count" bigint,
  "jit_emission_time" double precision,
  "jit_deform_count" bigint,
  "jit_deform_time" double precision,
  "stats_since" timestamp with time zone,
  "minmax_stats_since" timestamp with time zone
);

DROP TABLE IF EXISTS "payload_locked_documents_rels" CASCADE;
CREATE TABLE "payload_locked_documents_rels" (  "id" integer NOT NULL DEFAULT nextval('payload_locked_documents_rels_id_seq'::regclass),
  "order" integer,
  "parent_id" uuid NOT NULL,
  "path" character varying NOT NULL,
  "media_id" uuid,
  "users_id" uuid,
  "tenants_id" uuid,
  "business_profile_id" uuid,
  "business_themes_id" uuid,
  "image_galleries_id" uuid,
  "contact_departments_id" uuid,
  "social_links_id" uuid,
  "business_partners_id" uuid,
  "business_locations_id" uuid,
  "about_business_id" uuid,
  "section_titles_id" uuid,
  "tenant_link_configuration_id" uuid,
  "business_services_id" uuid,
  "partners_carousel_settings_id" uuid
);

DROP TABLE IF EXISTS "about_business" CASCADE;
CREATE TABLE "about_business" (  "id" uuid NOT NULL DEFAULT gen_random_uuid(),
  "updated_at" timestamp with time zone NOT NULL DEFAULT now(),
  "created_at" timestamp with time zone NOT NULL DEFAULT now(),
  "tenant_id" uuid
);

DROP TABLE IF EXISTS "section_titles" CASCADE;
CREATE TABLE "section_titles" (  "id" uuid NOT NULL DEFAULT gen_random_uuid(),
  "tenant_id" uuid,
  "section_type" USER-DEFINED NOT NULL,
  "updated_at" timestamp with time zone NOT NULL DEFAULT now(),
  "created_at" timestamp with time zone NOT NULL DEFAULT now()
);

DROP TABLE IF EXISTS "section_titles_locales" CASCADE;
CREATE TABLE "section_titles_locales" (  "title" character varying NOT NULL,
  "id" integer NOT NULL DEFAULT nextval('section_titles_locales_id_seq'::regclass),
  "_locale" USER-DEFINED NOT NULL,
  "_parent_id" uuid NOT NULL
);

DROP TABLE IF EXISTS "business_themes" CASCADE;
CREATE TABLE "business_themes" (  "id" uuid NOT NULL DEFAULT gen_random_uuid(),
  "tenant_id" uuid,
  "name" character varying NOT NULL,
  "updated_at" timestamp with time zone NOT NULL DEFAULT now(),
  "created_at" timestamp with time zone NOT NULL DEFAULT now(),
  "light_background_type" USER-DEFINED NOT NULL DEFAULT 'color'::enum_business_themes_light_background_type,
  "light_background_color" character varying DEFAULT '#FFFFFF'::character varying,
  "light_background_image_id" uuid,
  "dark_background_type" USER-DEFINED NOT NULL DEFAULT 'color'::enum_business_themes_dark_background_type,
  "dark_background_color" character varying DEFAULT '#000000'::character varying,
  "dark_background_image_id" uuid,
  "theme_type" USER-DEFINED NOT NULL DEFAULT 'business'::enum_business_themes_theme_type,
  "primary_color" character varying DEFAULT '#3B82F6'::character varying,
  "secondary_color" character varying DEFAULT '#6B7280'::character varying
);

DROP TABLE IF EXISTS "business_profile_locales" CASCADE;
CREATE TABLE "business_profile_locales" (  "business_name" character varying NOT NULL,
  "slogan" character varying,
  "id" integer NOT NULL DEFAULT nextval('business_profile_locales_id_seq'::regclass),
  "_locale" USER-DEFINED NOT NULL,
  "_parent_id" uuid NOT NULL
);

DROP TABLE IF EXISTS "about_business_locales" CASCADE;
CREATE TABLE "about_business_locales" (  "description" character varying NOT NULL,
  "id" integer NOT NULL DEFAULT nextval('about_business_locales_id_seq'::regclass),
  "_locale" USER-DEFINED NOT NULL,
  "_parent_id" uuid NOT NULL
);

DROP TABLE IF EXISTS "contact_departments_locales" CASCADE;
CREATE TABLE "contact_departments_locales" (  "title" character varying NOT NULL,
  "phone" character varying NOT NULL,
  "id" integer NOT NULL DEFAULT nextval('contact_departments_locales_id_seq'::regclass),
  "_locale" USER-DEFINED NOT NULL,
  "_parent_id" uuid NOT NULL
);

DROP TABLE IF EXISTS "social_links_locales" CASCADE;
CREATE TABLE "social_links_locales" (  "label" character varying NOT NULL,
  "id" integer NOT NULL DEFAULT nextval('social_links_locales_id_seq'::regclass),
  "_locale" USER-DEFINED NOT NULL,
  "_parent_id" uuid NOT NULL
);

DROP TABLE IF EXISTS "business_partners_locales" CASCADE;
CREATE TABLE "business_partners_locales" (  "name" character varying NOT NULL,
  "id" integer NOT NULL DEFAULT nextval('business_partners_locales_id_seq'::regclass),
  "_locale" USER-DEFINED NOT NULL,
  "_parent_id" uuid NOT NULL
);

DROP TABLE IF EXISTS "business_locations_locales" CASCADE;
CREATE TABLE "business_locations_locales" (  "title" character varying NOT NULL,
  "description" character varying,
  "id" integer NOT NULL DEFAULT nextval('business_locations_locales_id_seq'::regclass),
  "_locale" USER-DEFINED NOT NULL,
  "_parent_id" uuid NOT NULL
);

DROP TABLE IF EXISTS "tenant_link_configuration" CASCADE;
CREATE TABLE "tenant_link_configuration" (  "id" uuid NOT NULL DEFAULT gen_random_uuid(),
  "tenant_id" uuid NOT NULL,
  "static_url" character varying NOT NULL,
  "qr_url" character varying,
  "updated_at" timestamp with time zone NOT NULL DEFAULT now(),
  "created_at" timestamp with time zone NOT NULL DEFAULT now()
);

INSERT INTO "business_services_locales" ("title", "description", "id", "_locale", "_parent_id", "url_name") VALUES ('Pickup & Tanker Vehicles', 'Well-equipped pickup and tanker vehicles designed for safe and efficient fuel transportation across all regions.', 14, 'en', '0bdbb175-83ad-4719-889e-9921eed2303d', NULL);
INSERT INTO "business_services_locales" ("title", "description", "id", "_locale", "_parent_id", "url_name") VALUES ('تجهيز محطات الوقود والمعدات', 'نقدّم حلولًا متكاملة لتجهيز محطات الوقود، تشمل توفير المعدات، التركيب، والدعم التشغيلي بما يتناسب مع احتياجاتكم.', 15, 'ar', '0bdbb175-83ad-4719-889e-9921eed2303d', NULL);
INSERT INTO "business_services_locales" ("title", "description", "id", "_locale", "_parent_id", "url_name") VALUES ('Exclusive Agent for the British company AZTEC OILS', 'Authorized distributor of Dach AKG lubricants, offering high-quality oils that enhance engine performance and extend equipment lifespan.', 33, 'en', '68943d93-3a14-4f49-818a-cc3af8d3925c', 'AZTEC OILS');
INSERT INTO "business_services_locales" ("title", "description", "id", "_locale", "_parent_id", "url_name") VALUES ('الوكيل الحصري لشركة AZTEC OILS البريطانية', 'موزع معتمد لزيوت داش AKG، نقدم زيوت عالية الجودة تعزز أداء المحركات وتطيل عمر المعدات.', 34, 'ar', '68943d93-3a14-4f49-818a-cc3af8d3925c', 'AZTEC OILS');
INSERT INTO "business_services_locales" ("title", "description", "id", "_locale", "_parent_id", "url_name") VALUES ('Maintenance & Mechanical Services', 'Professional maintenance and mechanical services to keep vehicles and equipment operating at peak performance with minimal downtime.', 35, 'en', '9d731f05-4bcf-4ab2-af47-94386da94c7f', NULL);
INSERT INTO "business_services_locales" ("title", "description", "id", "_locale", "_parent_id", "url_name") VALUES ('توزيع المحروقات', 'نوفّر خدمات توزيع محروقات موثوقة لضمان استمرارية الإمداد للمحطات، الشركات، والأساطيل، مع تركيز عالٍ على السلامة والكفاءة.', 36, 'ar', '9d731f05-4bcf-4ab2-af47-94386da94c7f', NULL);
INSERT INTO "business_services_locales" ("title", "description", "id", "_locale", "_parent_id", "url_name") VALUES ('Fuel Station Setup & Equipment', 'Complete solutions for setting up fuel stations, including equipment supply, installation, and operational support tailored to your needs.', 37, 'en', 'f13d2722-faea-45c1-b8b8-c163991b4438', NULL);
INSERT INTO "business_services_locales" ("title", "description", "id", "_locale", "_parent_id", "url_name") VALUES ('آليات البيك أب والصهاريج', 'أسطول من آليات البيك أب والصهاريج المجهّزة لضمان نقل المحروقات بأمان وكفاءة إلى جميع المناطق.', 38, 'ar', 'f13d2722-faea-45c1-b8b8-c163991b4438', NULL);
INSERT INTO "business_services_locales" ("title", "description", "id", "_locale", "_parent_id", "url_name") VALUES ('Fuel Distribution', 'We provide reliable distribution of fuel to ensure continuous supply for stations, businesses, and fleets, with a strong focus on safety and efficiency', 39, 'en', 'e7ca2927-221c-43eb-8b3c-5f8fd6cc6c17', NULL);
INSERT INTO "business_services_locales" ("title", "description", "id", "_locale", "_parent_id", "url_name") VALUES ('خدمات الصيانة والميكانيك', 'خدمات صيانة وميكانيك احترافية للحفاظ على جاهزية الآليات والمعدات بأعلى مستوى من الأداء وتقليل فترات التوقف.', 40, 'ar', 'e7ca2927-221c-43eb-8b3c-5f8fd6cc6c17', NULL);

INSERT INTO "business_services" ("id", "tenant_id", "order", "updated_at", "created_at", "url") VALUES ('0bdbb175-83ad-4719-889e-9921eed2303d', '4a7b8a23-1609-49d7-9852-0710f9aaf3c1', '"3"', '2026-02-10T17:21:50.607Z', '2026-02-10T16:56:55.684Z', NULL);
INSERT INTO "business_services" ("id", "tenant_id", "order", "updated_at", "created_at", "url") VALUES ('68943d93-3a14-4f49-818a-cc3af8d3925c', '4a7b8a23-1609-49d7-9852-0710f9aaf3c1', '"1"', '2026-02-11T07:09:28.896Z', '2026-02-10T18:04:17.721Z', 'https://aztec-oils.lubricantadvisor.com/en');
INSERT INTO "business_services" ("id", "tenant_id", "order", "updated_at", "created_at", "url") VALUES ('9d731f05-4bcf-4ab2-af47-94386da94c7f', '4a7b8a23-1609-49d7-9852-0710f9aaf3c1', '"2"', '2026-02-11T07:11:40.097Z', '2026-02-10T16:57:14.772Z', NULL);
INSERT INTO "business_services" ("id", "tenant_id", "order", "updated_at", "created_at", "url") VALUES ('f13d2722-faea-45c1-b8b8-c163991b4438', '4a7b8a23-1609-49d7-9852-0710f9aaf3c1', '"4"', '2026-02-11T07:11:51.930Z', '2026-02-10T16:56:37.615Z', NULL);
INSERT INTO "business_services" ("id", "tenant_id", "order", "updated_at", "created_at", "url") VALUES ('e7ca2927-221c-43eb-8b3c-5f8fd6cc6c17', '4a7b8a23-1609-49d7-9852-0710f9aaf3c1', '"5"', '2026-02-11T07:11:59.279Z', '2026-02-10T16:56:07.901Z', NULL);

INSERT INTO "partners_carousel_settings" ("id", "tenant_id", "autoplay", "autoplay_speed", "updated_at", "created_at") VALUES ('afbd1e30-a468-41ae-ac4d-13bd17b215e4', '4a7b8a23-1609-49d7-9852-0710f9aaf3c1', true, '"1000"', '2026-02-10T17:57:47.919Z', '2026-02-09T12:19:33.201Z');

INSERT INTO "payload_migrations" ("id", "name", "batch", "updated_at", "created_at") VALUES ('3309c313-dc48-44d1-9765-ba53efd87170', '20260123_103735', '"1"', '2026-01-30T20:11:27.430Z', '2026-01-30T20:11:27.422Z');
INSERT INTO "payload_migrations" ("id", "name", "batch", "updated_at", "created_at") VALUES ('2976dc21-d3fe-4ee2-95ab-f2b5041501c0', '20260124_170742', '"1"', '2026-01-30T20:11:28.245Z', '2026-01-30T20:11:28.245Z');
INSERT INTO "payload_migrations" ("id", "name", "batch", "updated_at", "created_at") VALUES ('ad37c3b0-13db-483d-ac20-11956bb9efb9', '20260124_175415', '"1"', '2026-01-30T20:11:28.956Z', '2026-01-30T20:11:28.955Z');
INSERT INTO "payload_migrations" ("id", "name", "batch", "updated_at", "created_at") VALUES ('93d19dbe-d78a-42e9-ba96-7fe65bfa16de', '20260126_080601', '"1"', '2026-01-30T20:11:29.707Z', '2026-01-30T20:11:29.707Z');
INSERT INTO "payload_migrations" ("id", "name", "batch", "updated_at", "created_at") VALUES ('88bd74c5-f540-4c6b-8e18-f4f9accccc30', '20260127_161602', '"1"', '2026-01-30T20:11:30.437Z', '2026-01-30T20:11:30.437Z');
INSERT INTO "payload_migrations" ("id", "name", "batch", "updated_at", "created_at") VALUES ('7678fef2-5788-449e-9b24-e7592430dd8a', '20260128_061043', '"1"', '2026-01-30T20:11:31.158Z', '2026-01-30T20:11:31.158Z');
INSERT INTO "payload_migrations" ("id", "name", "batch", "updated_at", "created_at") VALUES ('d94016c1-e197-4cf1-8e06-bfe5ce5857d8', '20260128_180925', '"1"', '2026-01-30T20:11:32.161Z', '2026-01-30T20:11:32.161Z');
INSERT INTO "payload_migrations" ("id", "name", "batch", "updated_at", "created_at") VALUES ('c707bc42-299d-4029-8d9e-3e894f05b980', '20260128_191038', '"1"', '2026-01-30T20:11:32.920Z', '2026-01-30T20:11:32.920Z');
INSERT INTO "payload_migrations" ("id", "name", "batch", "updated_at", "created_at") VALUES ('01f0a61e-99f4-4ffe-8461-77e0d97382bf', '20260130_200648', '"1"', '2026-01-30T20:11:33.768Z', '2026-01-30T20:11:33.768Z');
INSERT INTO "payload_migrations" ("id", "name", "batch", "updated_at", "created_at") VALUES ('99fcd328-76e4-4de3-a52e-a5a5d57c2cab', '20260130_201115', '"1"', '2026-01-30T20:11:34.345Z', '2026-01-30T20:11:34.345Z');
INSERT INTO "payload_migrations" ("id", "name", "batch", "updated_at", "created_at") VALUES ('9ab0c069-b133-408b-a632-c3ff50eafcc7', 'dev', '"-1"', '2026-02-10T06:25:52.546Z', '2026-01-30T20:13:20.699Z');

INSERT INTO "tenants" ("id", "name", "slug", "updated_at", "created_at", "_status") VALUES ('4a7b8a23-1609-49d7-9852-0710f9aaf3c1', 'A.K.G', 'a-k-g', '2026-02-08T19:36:03.098Z', '2026-01-30T20:17:31.512Z', 'published');
INSERT INTO "tenants" ("id", "name", "slug", "updated_at", "created_at", "_status") VALUES ('61a6e619-4c42-4fb0-95c5-56d0f0d15108', 'demo', 'demo', '2026-02-08T19:54:13.836Z', '2026-02-08T19:54:13.835Z', 'published');

INSERT INTO "media" ("id", "tenant_id", "alt", "updated_at", "created_at", "url", "thumbnail_u_r_l", "filename", "mime_type", "filesize", "width", "height", "focal_x", "focal_y", "sizes_thumbnail_url", "sizes_thumbnail_width", "sizes_thumbnail_height", "sizes_thumbnail_mime_type", "sizes_thumbnail_filesize", "sizes_thumbnail_filename", "sizes_square_url", "sizes_square_width", "sizes_square_height", "sizes_square_mime_type", "sizes_square_filesize", "sizes_square_filename", "sizes_small_url", "sizes_small_width", "sizes_small_height", "sizes_small_mime_type", "sizes_small_filesize", "sizes_small_filename", "sizes_medium_url", "sizes_medium_width", "sizes_medium_height", "sizes_medium_mime_type", "sizes_medium_filesize", "sizes_medium_filename", "sizes_large_url", "sizes_large_width", "sizes_large_height", "sizes_large_mime_type", "sizes_large_filesize", "sizes_large_filename", "sizes_xlarge_url", "sizes_xlarge_width", "sizes_xlarge_height", "sizes_xlarge_mime_type", "sizes_xlarge_filesize", "sizes_xlarge_filename") VALUES ('f46ece6b-5f49-4c52-a73b-96ff026e14a2', '4a7b8a23-1609-49d7-9852-0710f9aaf3c1', 'logo', '2026-01-30T20:19:23.821Z', '2026-01-30T20:19:23.821Z', NULL, NULL, 'AKG.jpeg', 'image/jpeg', '"31531"', '"1052"', '"991"', '"50"', '"50"', NULL, '"300"', '"283"', 'image/jpeg', '"7395"', 'AKG-300x283.jpg', NULL, '"500"', '"500"', 'image/jpeg', '"14035"', 'AKG-500x500.jpg', NULL, '"600"', '"565"', 'image/jpeg', '"16675"', 'AKG-600x565.jpg', NULL, '"900"', '"848"', 'image/jpeg', '"26896"', 'AKG-900x848.jpg', NULL, NULL, NULL, NULL, NULL, NULL, NULL, NULL, NULL, NULL, NULL, NULL);
INSERT INTO "media" ("id", "tenant_id", "alt", "updated_at", "created_at", "url", "thumbnail_u_r_l", "filename", "mime_type", "filesize", "width", "height", "focal_x", "focal_y", "sizes_thumbnail_url", "sizes_thumbnail_width", "sizes_thumbnail_height", "sizes_thumbnail_mime_type", "sizes_thumbnail_filesize", "sizes_thumbnail_filename", "sizes_square_url", "sizes_square_width", "sizes_square_height", "sizes_square_mime_type", "sizes_square_filesize", "sizes_square_filename", "sizes_small_url", "sizes_small_width", "sizes_small_height", "sizes_small_mime_type", "sizes_small_filesize", "sizes_small_filename", "sizes_medium_url", "sizes_medium_width", "sizes_medium_height", "sizes_medium_mime_type", "sizes_medium_filesize", "sizes_medium_filename", "sizes_large_url", "sizes_large_width", "sizes_large_height", "sizes_large_mime_type", "sizes_large_filesize", "sizes_large_filename", "sizes_xlarge_url", "sizes_xlarge_width", "sizes_xlarge_height", "sizes_xlarge_mime_type", "sizes_xlarge_filesize", "sizes_xlarge_filename") VALUES ('8c29bbc5-7f9e-431a-b240-281eb5ede995', '4a7b8a23-1609-49d7-9852-0710f9aaf3c1', 'image-1', '2026-01-30T20:21:29.492Z', '2026-01-30T20:21:29.492Z', NULL, NULL, 'WhatsApp Image 2026-01-30 at 3.58.13 PM (1).jpeg', 'image/jpeg', '"48931"', '"526"', '"656"', '"50"', '"50"', NULL, '"300"', '"374"', 'image/jpeg', '"22069"', 'WhatsApp Image 2026-01-30 at 3.58.13 PM (1)-300x374.jpg', NULL, '"500"', '"500"', 'image/jpeg', '"37197"', 'WhatsApp Image 2026-01-30 at 3.58.13 PM (1)-500x500.jpg', NULL, NULL, NULL, NULL, NULL, NULL, NULL, NULL, NULL, NULL, NULL, NULL, NULL, NULL, NULL, NULL, NULL, NULL, NULL, NULL, NULL, NULL, NULL, NULL);
INSERT INTO "media" ("id", "tenant_id", "alt", "updated_at", "created_at", "url", "thumbnail_u_r_l", "filename", "mime_type", "filesize", "width", "height", "focal_x", "focal_y", "sizes_thumbnail_url", "sizes_thumbnail_width", "sizes_thumbnail_height", "sizes_thumbnail_mime_type", "sizes_thumbnail_filesize", "sizes_thumbnail_filename", "sizes_square_url", "sizes_square_width", "sizes_square_height", "sizes_square_mime_type", "sizes_square_filesize", "sizes_square_filename", "sizes_small_url", "sizes_small_width", "sizes_small_height", "sizes_small_mime_type", "sizes_small_filesize", "sizes_small_filename", "sizes_medium_url", "sizes_medium_width", "sizes_medium_height", "sizes_medium_mime_type", "sizes_medium_filesize", "sizes_medium_filename", "sizes_large_url", "sizes_large_width", "sizes_large_height", "sizes_large_mime_type", "sizes_large_filesize", "sizes_large_filename", "sizes_xlarge_url", "sizes_xlarge_width", "sizes_xlarge_height", "sizes_xlarge_mime_type", "sizes_xlarge_filesize", "sizes_xlarge_filename") VALUES ('853ff014-dbb5-4155-84e9-b77a08154d79', '4a7b8a23-1609-49d7-9852-0710f9aaf3c1', 'image-2', '2026-01-30T20:22:04.904Z', '2026-01-30T20:22:04.904Z', NULL, NULL, 'WhatsApp Image 2026-01-30 at 3.58.13 PM.jpeg', 'image/jpeg', '"52047"', '"510"', '"667"', '"50"', '"50"', NULL, '"300"', '"392"', 'image/jpeg', '"23031"', 'WhatsApp Image 2026-01-30 at 3.58.13 PM-300x392.jpg', NULL, '"500"', '"500"', 'image/jpeg', '"40519"', 'WhatsApp Image 2026-01-30 at 3.58.13 PM-500x500.jpg', NULL, NULL, NULL, NULL, NULL, NULL, NULL, NULL, NULL, NULL, NULL, NULL, NULL, NULL, NULL, NULL, NULL, NULL, NULL, NULL, NULL, NULL, NULL, NULL);
INSERT INTO "media" ("id", "tenant_id", "alt", "updated_at", "created_at", "url", "thumbnail_u_r_l", "filename", "mime_type", "filesize", "width", "height", "focal_x", "focal_y", "sizes_thumbnail_url", "sizes_thumbnail_width", "sizes_thumbnail_height", "sizes_thumbnail_mime_type", "sizes_thumbnail_filesize", "sizes_thumbnail_filename", "sizes_square_url", "sizes_square_width", "sizes_square_height", "sizes_square_mime_type", "sizes_square_filesize", "sizes_square_filename", "sizes_small_url", "sizes_small_width", "sizes_small_height", "sizes_small_mime_type", "sizes_small_filesize", "sizes_small_filename", "sizes_medium_url", "sizes_medium_width", "sizes_medium_height", "sizes_medium_mime_type", "sizes_medium_filesize", "sizes_medium_filename", "sizes_large_url", "sizes_large_width", "sizes_large_height", "sizes_large_mime_type", "sizes_large_filesize", "sizes_large_filename", "sizes_xlarge_url", "sizes_xlarge_width", "sizes_xlarge_height", "sizes_xlarge_mime_type", "sizes_xlarge_filesize", "sizes_xlarge_filename") VALUES ('b9ed7f20-23d8-4b5f-a61f-abe6f522e060', '4a7b8a23-1609-49d7-9852-0710f9aaf3c1', 'facebook', '2026-02-09T12:53:50.882Z', '2026-02-09T12:53:50.882Z', NULL, NULL, 'facebook.png', 'image/png', '"43147"', '"512"', '"512"', '"50"', '"50"', NULL, '"300"', '"300"', 'image/png', '"35752"', 'facebook-300x300.png', NULL, '"500"', '"500"', 'image/png', '"65161"', 'facebook-500x500.png', NULL, NULL, NULL, NULL, NULL, NULL, NULL, NULL, NULL, NULL, NULL, NULL, NULL, NULL, NULL, NULL, NULL, NULL, NULL, NULL, NULL, NULL, NULL, NULL);
INSERT INTO "media" ("id", "tenant_id", "alt", "updated_at", "created_at", "url", "thumbnail_u_r_l", "filename", "mime_type", "filesize", "width", "height", "focal_x", "focal_y", "sizes_thumbnail_url", "sizes_thumbnail_width", "sizes_thumbnail_height", "sizes_thumbnail_mime_type", "sizes_thumbnail_filesize", "sizes_thumbnail_filename", "sizes_square_url", "sizes_square_width", "sizes_square_height", "sizes_square_mime_type", "sizes_square_filesize", "sizes_square_filename", "sizes_small_url", "sizes_small_width", "sizes_small_height", "sizes_small_mime_type", "sizes_small_filesize", "sizes_small_filename", "sizes_medium_url", "sizes_medium_width", "sizes_medium_height", "sizes_medium_mime_type", "sizes_medium_filesize", "sizes_medium_filename", "sizes_large_url", "sizes_large_width", "sizes_large_height", "sizes_large_mime_type", "sizes_large_filesize", "sizes_large_filename", "sizes_xlarge_url", "sizes_xlarge_width", "sizes_xlarge_height", "sizes_xlarge_mime_type", "sizes_xlarge_filesize", "sizes_xlarge_filename") VALUES ('88338eef-be98-4516-b76c-7e7c39bf301d', '4a7b8a23-1609-49d7-9852-0710f9aaf3c1', 'facebook', '2026-02-09T12:54:45.741Z', '2026-02-09T12:54:45.740Z', NULL, NULL, 'facebook-1.png', 'image/png', '"43147"', '"512"', '"512"', '"50"', '"50"', NULL, '"300"', '"300"', 'image/png', '"35752"', 'facebook-1-300x300.png', NULL, '"500"', '"500"', 'image/png', '"65161"', 'facebook-1-500x500.png', NULL, NULL, NULL, NULL, NULL, NULL, NULL, NULL, NULL, NULL, NULL, NULL, NULL, NULL, NULL, NULL, NULL, NULL, NULL, NULL, NULL, NULL, NULL, NULL);
INSERT INTO "media" ("id", "tenant_id", "alt", "updated_at", "created_at", "url", "thumbnail_u_r_l", "filename", "mime_type", "filesize", "width", "height", "focal_x", "focal_y", "sizes_thumbnail_url", "sizes_thumbnail_width", "sizes_thumbnail_height", "sizes_thumbnail_mime_type", "sizes_thumbnail_filesize", "sizes_thumbnail_filename", "sizes_square_url", "sizes_square_width", "sizes_square_height", "sizes_square_mime_type", "sizes_square_filesize", "sizes_square_filename", "sizes_small_url", "sizes_small_width", "sizes_small_height", "sizes_small_mime_type", "sizes_small_filesize", "sizes_small_filename", "sizes_medium_url", "sizes_medium_width", "sizes_medium_height", "sizes_medium_mime_type", "sizes_medium_filesize", "sizes_medium_filename", "sizes_large_url", "sizes_large_width", "sizes_large_height", "sizes_large_mime_type", "sizes_large_filesize", "sizes_large_filename", "sizes_xlarge_url", "sizes_xlarge_width", "sizes_xlarge_height", "sizes_xlarge_mime_type", "sizes_xlarge_filesize", "sizes_xlarge_filename") VALUES ('ce47b210-5f74-4944-a1a6-8e3553c1b0f5', '4a7b8a23-1609-49d7-9852-0710f9aaf3c1', 'instagram', '2026-02-09T15:22:00.298Z', '2026-02-09T15:22:00.297Z', NULL, NULL, 'instagram.png', 'image/png', '"42247"', '"512"', '"512"', '"50"', '"50"', NULL, '"300"', '"300"', 'image/png', '"42722"', 'instagram-300x300.png', NULL, '"500"', '"500"', 'image/png', '"76386"', 'instagram-500x500.png', NULL, NULL, NULL, NULL, NULL, NULL, NULL, NULL, NULL, NULL, NULL, NULL, NULL, NULL, NULL, NULL, NULL, NULL, NULL, NULL, NULL, NULL, NULL, NULL);
INSERT INTO "media" ("id", "tenant_id", "alt", "updated_at", "created_at", "url", "thumbnail_u_r_l", "filename", "mime_type", "filesize", "width", "height", "focal_x", "focal_y", "sizes_thumbnail_url", "sizes_thumbnail_width", "sizes_thumbnail_height", "sizes_thumbnail_mime_type", "sizes_thumbnail_filesize", "sizes_thumbnail_filename", "sizes_square_url", "sizes_square_width", "sizes_square_height", "sizes_square_mime_type", "sizes_square_filesize", "sizes_square_filename", "sizes_small_url", "sizes_small_width", "sizes_small_height", "sizes_small_mime_type", "sizes_small_filesize", "sizes_small_filename", "sizes_medium_url", "sizes_medium_width", "sizes_medium_height", "sizes_medium_mime_type", "sizes_medium_filesize", "sizes_medium_filename", "sizes_large_url", "sizes_large_width", "sizes_large_height", "sizes_large_mime_type", "sizes_large_filesize", "sizes_large_filename", "sizes_xlarge_url", "sizes_xlarge_width", "sizes_xlarge_height", "sizes_xlarge_mime_type", "sizes_xlarge_filesize", "sizes_xlarge_filename") VALUES ('1adfd9f7-a64b-4b8a-aa21-b2ca8b60df8a', '4a7b8a23-1609-49d7-9852-0710f9aaf3c1', 'partner', '2026-02-10T17:08:00.459Z', '2026-02-10T17:08:00.459Z', NULL, NULL, 'Screenshot2026-02-10190007 (1).jpg', 'image/jpeg', '"62627"', '"1391"', '"782"', '"50"', '"50"', NULL, '"300"', '"169"', 'image/jpeg', '"7974"', 'Screenshot2026-02-10190007 (1)-300x169.jpg', NULL, '"500"', '"500"', 'image/jpeg', '"20520"', 'Screenshot2026-02-10190007 (1)-500x500.jpg', NULL, '"600"', '"337"', 'image/jpeg', '"20087"', 'Screenshot2026-02-10190007 (1)-600x337.jpg', NULL, '"900"', '"506"', 'image/jpeg', '"32978"', 'Screenshot2026-02-10190007 (1)-900x506.jpg', NULL, NULL, NULL, NULL, NULL, NULL, NULL, NULL, NULL, NULL, NULL, NULL);
INSERT INTO "media" ("id", "tenant_id", "alt", "updated_at", "created_at", "url", "thumbnail_u_r_l", "filename", "mime_type", "filesize", "width", "height", "focal_x", "focal_y", "sizes_thumbnail_url", "sizes_thumbnail_width", "sizes_thumbnail_height", "sizes_thumbnail_mime_type", "sizes_thumbnail_filesize", "sizes_thumbnail_filename", "sizes_square_url", "sizes_square_width", "sizes_square_height", "sizes_square_mime_type", "sizes_square_filesize", "sizes_square_filename", "sizes_small_url", "sizes_small_width", "sizes_small_height", "sizes_small_mime_type", "sizes_small_filesize", "sizes_small_filename", "sizes_medium_url", "sizes_medium_width", "sizes_medium_height", "sizes_medium_mime_type", "sizes_medium_filesize", "sizes_medium_filename", "sizes_large_url", "sizes_large_width", "sizes_large_height", "sizes_large_mime_type", "sizes_large_filesize", "sizes_large_filename", "sizes_xlarge_url", "sizes_xlarge_width", "sizes_xlarge_height", "sizes_xlarge_mime_type", "sizes_xlarge_filesize", "sizes_xlarge_filename") VALUES ('79eb34d2-9dc9-440a-824d-6e75d1bbf4ea', '4a7b8a23-1609-49d7-9852-0710f9aaf3c1', 'gallery 3', '2026-02-10T17:14:42.044Z', '2026-02-10T17:14:42.043Z', NULL, NULL, 'WhatsApp Image 2026-02-10 at 7.06.37 PM.jpeg', 'image/jpeg', '"408525"', '"1280"', '"1600"', '"50"', '"50"', NULL, '"300"', '"375"', 'image/jpeg', '"22951"', 'WhatsApp Image 2026-02-10 at 7.06.37 PM-300x375.jpg', NULL, '"500"', '"500"', 'image/jpeg', '"41733"', 'WhatsApp Image 2026-02-10 at 7.06.37 PM-500x500.jpg', NULL, '"600"', '"750"', 'image/jpeg', '"72970"', 'WhatsApp Image 2026-02-10 at 7.06.37 PM-600x750.jpg', NULL, '"900"', '"1125"', 'image/jpeg', '"141937"', 'WhatsApp Image 2026-02-10 at 7.06.37 PM-900x1125.jpg', NULL, NULL, NULL, NULL, NULL, NULL, NULL, NULL, NULL, NULL, NULL, NULL);

INSERT INTO "users" ("id", "role", "tenant_id", "updated_at", "created_at", "email", "reset_password_token", "reset_password_expiration", "salt", "hash", "login_attempts", "lock_until") VALUES ('698889d9-8482-498d-96ca-3cc084356ddc', 'super-admin', NULL, '2026-01-30T20:17:16.882Z', '2026-01-30T20:17:16.873Z', 'souzanallouch2002@gmail.com', NULL, NULL, '305b757c87929de20da651e9fde797a668f9e18f0ebcc62d5b38b647e2206485', '94484a09e5f33a0233b27042b14eed4fe94b7b0c2330af96c0e1cc91368987e6fe3eb5b648fb13460f269a1c3b42cf473dc1d6f5267ee29523d055f0ee3a1642210fbe8132bc5f1c07423af6030a5aa5f11153c44b20f9e720c31d2f86490af73cafb2cae78ce213f7f6b7686fa97cd81b0f06d53d883bbdc930ea320b0b6732b3519525d8bac38b790e5bd0322b88adad19d9696b064ecc9c2af729b10f74deab1170fe3802fe5f562613f471339cecbe281ee6a3dc78cec20e4eb4eb5410a68e87edd41662f234675ab36c66ad965b958c664ba527b15b75ef167982586b5b09ae75322ce01eeedf0bfcca395a6872a8d76f91541d08fe595ca0da72d2f9d7de9c2f6ced8139d27168ed6d1af7cb511e2b96555f262f7ff4e04bfb595ff68c858a5fc20e4d13cd567b103cc951469515e8af001073db7920714df3bd0d4f5d49c1e01f5e1766a32d6c6b93a6a3cc1c535a7736f636cae9f6f2362c1c211eaa1ecb9b8341c44504f3b2808658ed364d93b3ae823e2a5b9f1d414b8fc9ffc86f5ca3c75c6a5b97531084cd46c99d22442ec973f5d0bbf6d90541dd7a1393cfb3a97b68563ab6b50df804ed448637e7b2d81740180443e2d24c8e8ea3b801166436aa99af9174d5f1d285fc864e6d8f7f94fb9222acda5920ae632b128b0e4a005ae7ca31a5d75a7e2d24bff1c6ffbd7b34e549f8ff8f3462bfb70dcc98b8460f', '"0"', NULL);
INSERT INTO "users" ("id", "role", "tenant_id", "updated_at", "created_at", "email", "reset_password_token", "reset_password_expiration", "salt", "hash", "login_attempts", "lock_until") VALUES ('656a17ef-add4-47b7-ad1d-5e372ef5ed00', 'user', '61a6e619-4c42-4fb0-95c5-56d0f0d15108', '2026-02-08T19:54:45.649Z', '2026-02-08T19:54:45.647Z', 'demo@gmail.com', NULL, NULL, '34e31718447f6b2eabb0860b35d7e009c11f03b0fb3691a9705adeabe4873cf6', '628450d6206223aa5e544e90aa08fcb611affdd9d5dabe5c81f902a49a015236222cc868b87ac1661a26bbafad1f3bdd41836ccdf987165ac475b776a4373a3272698431d9b3f133b923cb0563227cd3ca87632ba684a00dba7f63a6bf25b0b08aa797b1d06a81ebc92772e405723b5b21e763850ffd33b7e8245ed1e2f3828c2a6d74bc17779720bb31fce007b352ab9b02ee7d5d13bd65322ba43dc436de3de63b327d6c266218cbfc72728c0da87aef9d36f7923a5e01be70f5ef693542e85e6b5ca5f7b0a3c6d7e8ae28857862f8ec9fb9822cd9876fdfc13836c5c71070dba96a133bfa9893200fac527ba05681771a00d73236c40a0746c8e200e9f3ad196aa510efd771529618932750ed1a749226c2f84eb3646f97e30f5ce51c185a182695d86cde42a38ef2138d9a4ae2112dedb3b290b130d92937a7ec271fb2cc287acf0a29bbab174ca6620ad48dc4b98985ba7f9efbfcbffe52b635a37ced4f718e3ade4e86fa82892f6d8fec4adcce8a063a6d96aaed30db295213ace9d74d93bbb7bfe945a15dd2feb24b4bb2a6a0edb3a8fd7b4ad6f93230f9f18c03c37ef99b6d9809d9434d6ee4fa5e9fba98bc488044f6a4b3c7d7524249386dba249866e3f4fa6ae32654c3a9bf4cebfaa2bd011d75859db76d04984e34ae8eb219bcfbd77b077e290e398b7920cee2f752184e6e633690daee8e03ecf0a22357e92b', '"0"', NULL);
INSERT INTO "users" ("id", "role", "tenant_id", "updated_at", "created_at", "email", "reset_password_token", "reset_password_expiration", "salt", "hash", "login_attempts", "lock_until") VALUES ('b9c13db9-ef34-480f-b07b-89d113599f53', 'user', '4a7b8a23-1609-49d7-9852-0710f9aaf3c1', '2026-01-30T20:18:08.739Z', '2026-01-30T20:18:08.739Z', 'a.k.g@gmail.com', NULL, NULL, '68a25f34dcb8a94f255e198b63e69c0233d6387348fe35e7b8ce157ef5d2b7d6', '24660874b73d8792e4fd4cb5d0cc8378abeb7715da9497f962365896926d03ced6322b604b638cff9a50da67e3efbe827931877ce1187bc5a6eb039a4985fab7a8db80028be904a4111610ffdd109534cae9d4311d3c84eb5d404f4391dbce420d90859df71ba840435b3e84b46f886b6a5c5aac873708ddf68abe1d1b21e1850f81e729265b85c012637d897690170dd078bb3bf701720f1bb76786b8a62844e88739e92beff6033d79880264e4185d5ed094e2d2ccf53452f513f71863aeeba520c59bc1375487150f1f18588464508fa1dd5a1a5cf635a51b114d240e5cbaa910fd0f0bc2c94bce75e6188b87496220ab7cfb71e0f8be1abf43d4b17161fd5ab943e41b50186a71f55cfbb0eff0b138ecb03ff0508eae5cb9d3c3525d6afa23b6cbd544fcd1c334d4a761edab1ab9d296554107bdd74095bae5af2a30d54aabe6fa8c51d53da49c1e4a6473cf179de2b7c97fa1cc78f9c522939bdbc6dc0cb07e5388573a599eb243238288ba8a2d4d86dd5db35924ebdc74799ee388e4d3225af53547805f621d3225531b5ff9b7b98a1cb588666b111a16c3ebfbbcb4a4fc5facc92562d3c1f921362ef623800fa1e8ce3ef872b183e9ada096fc605509835d790b5c9926a7e26dc2230c7a2cf8fdda0f47f90f20ab6376ae6eb340fb4c39a7f7b370262483c201df2be90389790223555fb6a5600930bb829ca3c17db8', '"0"', NULL);

INSERT INTO "users_sessions" ("_order", "_parent_id", "id", "created_at", "expires_at") VALUES (1, '698889d9-8482-498d-96ca-3cc084356ddc', '5d84f04f-8c70-4662-ba87-669e0509d3a0', '2026-02-08T19:35:45.197Z', '2026-02-08T21:35:45.197Z');
INSERT INTO "users_sessions" ("_order", "_parent_id", "id", "created_at", "expires_at") VALUES (1, 'b9c13db9-ef34-480f-b07b-89d113599f53', '7133fafa-68e1-449a-9279-57efbad0e09f', '2026-02-11T16:33:23.855Z', '2026-02-11T18:33:23.855Z');
INSERT INTO "users_sessions" ("_order", "_parent_id", "id", "created_at", "expires_at") VALUES (2, 'b9c13db9-ef34-480f-b07b-89d113599f53', '723c1fa9-7877-40b8-a2d3-9c594945779e', '2026-02-11T17:00:57.710Z', '2026-02-11T19:00:57.710Z');

INSERT INTO "_tenants_v" ("id", "parent_id", "version_name", "version_slug", "version_updated_at", "version_created_at", "version__status", "created_at", "updated_at", "snapshot", "published_locale", "latest") VALUES ('58ab147c-aba8-45ba-8bf7-1fd0b808ed59', '4a7b8a23-1609-49d7-9852-0710f9aaf3c1', 'A.K.G', 'a-k-g', '2026-02-08T19:36:03.098Z', '2026-01-30T20:17:31.512Z', 'published', '2026-02-08T19:36:03.111Z', '2026-02-08T19:36:03.111Z', NULL, NULL, true);
INSERT INTO "_tenants_v" ("id", "parent_id", "version_name", "version_slug", "version_updated_at", "version_created_at", "version__status", "created_at", "updated_at", "snapshot", "published_locale", "latest") VALUES ('a31dc518-ac9d-4ff0-b638-67ee745e19f1', '4a7b8a23-1609-49d7-9852-0710f9aaf3c1', 'A.K.G', 'A.K.G', '2026-01-30T20:17:31.512Z', '2026-01-30T20:17:31.512Z', 'published', '2026-01-30T20:17:31.794Z', '2026-01-30T20:17:31.794Z', NULL, NULL, false);
INSERT INTO "_tenants_v" ("id", "parent_id", "version_name", "version_slug", "version_updated_at", "version_created_at", "version__status", "created_at", "updated_at", "snapshot", "published_locale", "latest") VALUES ('52221ec2-c181-4a07-bc92-fb10b4ab1d4a', '61a6e619-4c42-4fb0-95c5-56d0f0d15108', 'demo', 'demo', '2026-02-08T19:54:13.836Z', '2026-02-08T19:54:13.835Z', 'published', '2026-02-08T19:54:13.858Z', '2026-02-08T19:54:13.858Z', NULL, NULL, true);

INSERT INTO "business_profile" ("id", "tenant_id", "logo_light_id", "logo_dark_id", "updated_at", "created_at") VALUES ('3b0fd9ad-7174-4b29-88ee-c862ad6b1f55', '4a7b8a23-1609-49d7-9852-0710f9aaf3c1', 'f46ece6b-5f49-4c52-a73b-96ff026e14a2', 'f46ece6b-5f49-4c52-a73b-96ff026e14a2', '2026-02-10T17:18:00.094Z', '2026-01-30T20:19:35.263Z');

INSERT INTO "business_partners" ("id", "tenant_id", "logo_id", "website", "order", "updated_at", "created_at") VALUES ('c7b1e639-4531-482f-8291-97b87e031535', '4a7b8a23-1609-49d7-9852-0710f9aaf3c1', '1adfd9f7-a64b-4b8a-aa21-b2ca8b60df8a', 'https://aztec-oils.lubricantadvisor.com/en', NULL, '2026-02-10T17:23:37.308Z', '2026-01-30T20:51:34.323Z');

INSERT INTO "image_galleries_images" ("_order", "_parent_id", "id", "image_id") VALUES (1, '62515bff-0e30-4f25-b0e1-816d61efd1d2', '698b676ba1e3604defb6f9f5', '79eb34d2-9dc9-440a-824d-6e75d1bbf4ea');
INSERT INTO "image_galleries_images" ("_order", "_parent_id", "id", "image_id") VALUES (2, '62515bff-0e30-4f25-b0e1-816d61efd1d2', '697d129ca3eab529af7420a5', '8c29bbc5-7f9e-431a-b240-281eb5ede995');
INSERT INTO "image_galleries_images" ("_order", "_parent_id", "id", "image_id") VALUES (3, '62515bff-0e30-4f25-b0e1-816d61efd1d2', '697d12cba3eab529af7420a7', '853ff014-dbb5-4155-84e9-b77a08154d79');

INSERT INTO "business_locations" ("id", "tenant_id", "google_map_link", "order", "updated_at", "created_at") VALUES ('408f2e2f-ab02-488c-9c39-b2beb2a9c5a0', '4a7b8a23-1609-49d7-9852-0710f9aaf3c1', NULL, '"2"', '2026-02-10T18:29:39.818Z', '2026-02-10T18:27:33.309Z');
INSERT INTO "business_locations" ("id", "tenant_id", "google_map_link", "order", "updated_at", "created_at") VALUES ('954660ce-63b3-45b2-9eb0-70f4720a699f', '4a7b8a23-1609-49d7-9852-0710f9aaf3c1', 'https://www.google.com/maps/place/Msayleh/@33.474915,35.3484076,15.26z/data=!4m6!3m5!1s0x151ef253c0644e23:0xd0a90c8e547bdbe6!8m2!3d33.4778567!4d35.3507963!16s%2Fg%2F1td22t85?entry=ttu&g_ep=EgoyMDI2MDEyOC4wIKXMDSoASAFQAw%3D%3D', '"1"', '2026-02-11T05:35:34.171Z', '2026-01-30T20:31:08.213Z');

INSERT INTO "payload_locked_documents" ("id", "global_slug", "updated_at", "created_at") VALUES ('171fd7cc-7dc1-429e-9193-9a20efc8fb9f', NULL, '2026-02-09T13:01:46.988Z', '2026-02-09T13:01:33.672Z');

INSERT INTO "image_galleries" ("id", "tenant_id", "updated_at", "created_at", "autoplay", "autoplay_delay") VALUES ('62515bff-0e30-4f25-b0e1-816d61efd1d2', '4a7b8a23-1609-49d7-9852-0710f9aaf3c1', '2026-02-10T17:14:50.611Z', '2026-01-30T20:22:09.415Z', true, '"1000"');

INSERT INTO "payload_preferences" ("id", "key", "value", "updated_at", "created_at") VALUES ('785c6f3a-24f3-405f-bde2-b0dde6aae0a4', 'collection-tenants', '{"editViewType":"default"}', '2026-01-30T20:17:26.594Z', '2026-01-30T20:17:26.652Z');
INSERT INTO "payload_preferences" ("id", "key", "value", "updated_at", "created_at") VALUES ('685e4f43-2885-4457-b84e-fc25446698e2', 'collection-users', '{"editViewType":"default"}', '2026-01-30T20:17:41.115Z', '2026-01-30T20:17:36.699Z');
INSERT INTO "payload_preferences" ("id", "key", "value", "updated_at", "created_at") VALUES ('e2a3bc23-8aaa-42f8-8b0c-6516317f7dd5', 'collection-image_galleries', '{"editViewType":"default"}', '2026-01-30T20:20:44.420Z', '2026-01-30T20:20:23.417Z');
INSERT INTO "payload_preferences" ("id", "key", "value", "updated_at", "created_at") VALUES ('27613774-26a7-4d30-bb51-8f516cc4ae2a', 'collection-business_profile', '{"sort":"logoLight","limit":10,"editViewType":"default"}', '2026-01-31T15:54:12.051Z', '2026-01-30T20:18:41.737Z');
INSERT INTO "payload_preferences" ("id", "key", "value", "updated_at", "created_at") VALUES ('92ac289c-8200-467c-b35b-3524bed77bd4', 'collection-business_locations', '{"limit":10,"editViewType":"default"}', '2026-01-31T19:29:27.356Z', '2026-01-30T20:30:09.728Z');
INSERT INTO "payload_preferences" ("id", "key", "value", "updated_at", "created_at") VALUES ('08bcdc0f-817f-4b23-9106-e791ebbb72ce', 'collection-contact_departments', '{"limit":10,"editViewType":"default"}', '2026-02-01T10:37:08.921Z', '2026-01-30T20:22:18.827Z');
INSERT INTO "payload_preferences" ("id", "key", "value", "updated_at", "created_at") VALUES ('fad70a97-f1b4-4ec1-9e54-36b4d7b685bb', 'collection-business_partners', '{"limit":10,"editViewType":"default"}', '2026-02-09T11:59:27.714Z', '2026-01-30T20:29:37.888Z');
INSERT INTO "payload_preferences" ("id", "key", "value", "updated_at", "created_at") VALUES ('32b45649-c28e-4386-b5de-d15d951cd035', 'collection-partners_carousel_settings', '{"limit":10,"editViewType":"default"}', '2026-02-09T12:19:24.003Z', '2026-02-09T12:13:06.130Z');
INSERT INTO "payload_preferences" ("id", "key", "value", "updated_at", "created_at") VALUES ('793516cc-569e-494b-b8c0-bc6f82d550cc', 'collection-social_links', '{"limit":10,"editViewType":"default"}', '2026-02-09T12:57:42.746Z', '2026-01-30T20:23:05.973Z');
INSERT INTO "payload_preferences" ("id", "key", "value", "updated_at", "created_at") VALUES ('afab9ad5-9237-4b59-88d2-0e3ba0ca53e2', 'collection-business_themes', '{"limit":10,"editViewType":"default"}', '2026-02-09T17:34:48.443Z', '2026-01-30T20:35:37.675Z');
INSERT INTO "payload_preferences" ("id", "key", "value", "updated_at", "created_at") VALUES ('dd1c054d-6984-47dd-ac42-e06ffed1a63a', 'collection-business_services', '{"limit":10,"editViewType":"default"}', '2026-02-09T19:56:55.983Z', '2026-01-31T19:05:23.638Z');
INSERT INTO "payload_preferences" ("id", "key", "value", "updated_at", "created_at") VALUES ('52cfb77b-fb66-4e19-a8ed-aa3f802206f0', 'collection-media', '{"limit":10,"editViewType":"default"}', '2026-02-10T16:51:30.942Z', '2026-01-30T20:18:53.758Z');
INSERT INTO "payload_preferences" ("id", "key", "value", "updated_at", "created_at") VALUES ('efe43d83-d046-44e5-bcfa-a651df7f210e', 'collection-about_business', '{"limit":10,"editViewType":"default"}', '2026-02-10T17:17:17.620Z', '2026-01-30T20:19:39.084Z');
INSERT INTO "payload_preferences" ("id", "key", "value", "updated_at", "created_at") VALUES ('547f5aa9-a8d3-4b3a-94e9-0395492453d2', 'collection-section_titles', '{"limit":10,"editViewType":"default"}', '2026-02-10T18:44:31.761Z', '2026-01-30T20:31:10.595Z');
INSERT INTO "payload_preferences" ("id", "key", "value", "updated_at", "created_at") VALUES ('a3508d89-a380-46be-a184-dc4659ad3d37', 'locale', 'ar', '2026-02-11T07:13:07.222Z', '2026-02-10T17:17:17.128Z');

INSERT INTO "payload_preferences_rels" ("id", "order", "parent_id", "path", "users_id") VALUES (1, NULL, '785c6f3a-24f3-405f-bde2-b0dde6aae0a4', 'user', '698889d9-8482-498d-96ca-3cc084356ddc');
INSERT INTO "payload_preferences_rels" ("id", "order", "parent_id", "path", "users_id") VALUES (3, NULL, '685e4f43-2885-4457-b84e-fc25446698e2', 'user', '698889d9-8482-498d-96ca-3cc084356ddc');
INSERT INTO "payload_preferences_rels" ("id", "order", "parent_id", "path", "users_id") VALUES (11, NULL, 'e2a3bc23-8aaa-42f8-8b0c-6516317f7dd5', 'user', 'b9c13db9-ef34-480f-b07b-89d113599f53');
INSERT INTO "payload_preferences_rels" ("id", "order", "parent_id", "path", "users_id") VALUES (24, NULL, '27613774-26a7-4d30-bb51-8f516cc4ae2a', 'user', 'b9c13db9-ef34-480f-b07b-89d113599f53');
INSERT INTO "payload_preferences_rels" ("id", "order", "parent_id", "path", "users_id") VALUES (27, NULL, '92ac289c-8200-467c-b35b-3524bed77bd4', 'user', 'b9c13db9-ef34-480f-b07b-89d113599f53');
INSERT INTO "payload_preferences_rels" ("id", "order", "parent_id", "path", "users_id") VALUES (29, NULL, '08bcdc0f-817f-4b23-9106-e791ebbb72ce', 'user', 'b9c13db9-ef34-480f-b07b-89d113599f53');
INSERT INTO "payload_preferences_rels" ("id", "order", "parent_id", "path", "users_id") VALUES (30, NULL, 'fad70a97-f1b4-4ec1-9e54-36b4d7b685bb', 'user', 'b9c13db9-ef34-480f-b07b-89d113599f53');
INSERT INTO "payload_preferences_rels" ("id", "order", "parent_id", "path", "users_id") VALUES (33, NULL, '32b45649-c28e-4386-b5de-d15d951cd035', 'user', 'b9c13db9-ef34-480f-b07b-89d113599f53');
INSERT INTO "payload_preferences_rels" ("id", "order", "parent_id", "path", "users_id") VALUES (34, NULL, '793516cc-569e-494b-b8c0-bc6f82d550cc', 'user', 'b9c13db9-ef34-480f-b07b-89d113599f53');
INSERT INTO "payload_preferences_rels" ("id", "order", "parent_id", "path", "users_id") VALUES (35, NULL, 'afab9ad5-9237-4b59-88d2-0e3ba0ca53e2', 'user', 'b9c13db9-ef34-480f-b07b-89d113599f53');
INSERT INTO "payload_preferences_rels" ("id", "order", "parent_id", "path", "users_id") VALUES (36, NULL, 'dd1c054d-6984-47dd-ac42-e06ffed1a63a', 'user', 'b9c13db9-ef34-480f-b07b-89d113599f53');
INSERT INTO "payload_preferences_rels" ("id", "order", "parent_id", "path", "users_id") VALUES (37, NULL, '52cfb77b-fb66-4e19-a8ed-aa3f802206f0', 'user', 'b9c13db9-ef34-480f-b07b-89d113599f53');
INSERT INTO "payload_preferences_rels" ("id", "order", "parent_id", "path", "users_id") VALUES (39, NULL, 'efe43d83-d046-44e5-bcfa-a651df7f210e', 'user', 'b9c13db9-ef34-480f-b07b-89d113599f53');
INSERT INTO "payload_preferences_rels" ("id", "order", "parent_id", "path", "users_id") VALUES (48, NULL, '547f5aa9-a8d3-4b3a-94e9-0395492453d2', 'user', 'b9c13db9-ef34-480f-b07b-89d113599f53');
INSERT INTO "payload_preferences_rels" ("id", "order", "parent_id", "path", "users_id") VALUES (60, NULL, 'a3508d89-a380-46be-a184-dc4659ad3d37', 'user', 'b9c13db9-ef34-480f-b07b-89d113599f53');

INSERT INTO "contact_departments" ("id", "tenant_id", "whatsapp", "telegram", "telephone", "order", "updated_at", "created_at", "sms") VALUES ('437fd532-e1d5-49a0-9faf-2b982df1c2c7', '4a7b8a23-1609-49d7-9852-0710f9aaf3c1', true, false, true, '"3"', '2026-02-11T14:30:20.545Z', '2026-02-11T06:09:30.149Z', false);
INSERT INTO "contact_departments" ("id", "tenant_id", "whatsapp", "telegram", "telephone", "order", "updated_at", "created_at", "sms") VALUES ('fa1e2a7f-acca-4d47-b1aa-340cccbea394', '4a7b8a23-1609-49d7-9852-0710f9aaf3c1', true, false, true, '"2"', '2026-02-11T14:40:59.852Z', '2026-02-11T06:08:22.054Z', false);
INSERT INTO "contact_departments" ("id", "tenant_id", "whatsapp", "telegram", "telephone", "order", "updated_at", "created_at", "sms") VALUES ('dfbd2800-de36-47c1-a45c-79648d61f8fd', '4a7b8a23-1609-49d7-9852-0710f9aaf3c1', false, false, true, '"1"', '2026-02-11T14:45:29.842Z', '2026-01-30T20:22:52.124Z', false);
INSERT INTO "contact_departments" ("id", "tenant_id", "whatsapp", "telegram", "telephone", "order", "updated_at", "created_at", "sms") VALUES ('4c6fb306-358e-41dd-b5e5-72aebcb3ef30', '4a7b8a23-1609-49d7-9852-0710f9aaf3c1', false, false, true, NULL, '2026-02-11T14:47:29.429Z', '2026-02-10T18:42:06.453Z', false);
INSERT INTO "contact_departments" ("id", "tenant_id", "whatsapp", "telegram", "telephone", "order", "updated_at", "created_at", "sms") VALUES ('5fd389c1-175e-4777-9196-99dab45f9323', '4a7b8a23-1609-49d7-9852-0710f9aaf3c1', false, false, true, NULL, '2026-02-11T14:48:05.849Z', '2026-02-10T18:41:45.771Z', false);
INSERT INTO "contact_departments" ("id", "tenant_id", "whatsapp", "telegram", "telephone", "order", "updated_at", "created_at", "sms") VALUES ('3f720ea3-e6e5-43f1-bd37-5999239c3909', '4a7b8a23-1609-49d7-9852-0710f9aaf3c1', false, false, true, NULL, '2026-02-11T14:48:35.810Z', '2026-02-10T18:33:26.513Z', false);
INSERT INTO "contact_departments" ("id", "tenant_id", "whatsapp", "telegram", "telephone", "order", "updated_at", "created_at", "sms") VALUES ('23e9a728-e389-4dfe-b066-8c30bcffbaa2', '4a7b8a23-1609-49d7-9852-0710f9aaf3c1', true, false, false, NULL, '2026-02-11T17:01:44.822Z', '2026-02-11T17:01:44.821Z', false);
INSERT INTO "contact_departments" ("id", "tenant_id", "whatsapp", "telegram", "telephone", "order", "updated_at", "created_at", "sms") VALUES ('b01ced45-bde0-4690-86d2-787c3779078f', '4a7b8a23-1609-49d7-9852-0710f9aaf3c1', true, false, false, NULL, '2026-02-11T17:49:32.405Z', '2026-02-11T17:02:34.371Z', false);

INSERT INTO "social_links" ("id", "tenant_id", "updated_at", "created_at", "image_id", "url", "order") VALUES ('54aedc2e-dcb3-47fb-9570-f8a8e69de7c7', '4a7b8a23-1609-49d7-9852-0710f9aaf3c1', '2026-02-10T17:20:05.215Z', '2026-02-09T15:22:27.811Z', 'ce47b210-5f74-4944-a1a6-8e3553c1b0f5', 'https://www.instagram.com/akgpetroleum.lb?igsh=OTBvNXd5aDd6NDlp', '"2"');
INSERT INTO "social_links" ("id", "tenant_id", "updated_at", "created_at", "image_id", "url", "order") VALUES ('1e7a5de3-057f-41f7-aa1c-cfa1b3641116', '4a7b8a23-1609-49d7-9852-0710f9aaf3c1', '2026-02-10T17:20:21.528Z', '2026-02-09T15:20:52.712Z', 'b9ed7f20-23d8-4b5f-a61f-abe6f522e060', 'https://www.facebook.com/share/1DZ1eXkFKM/?mibextid=wwXIfr', '"1"');

INSERT INTO "pg_stat_statements_info" ("dealloc", "stats_reset") VALUES (0, '2026-02-11T17:12:29.562Z');

INSERT INTO "pg_stat_statements" ("userid", "dbid", "toplevel", "queryid", "query", "plans", "total_plan_time", "min_plan_time", "max_plan_time", "mean_plan_time", "stddev_plan_time", "calls", "total_exec_time", "min_exec_time", "max_exec_time", "mean_exec_time", "stddev_exec_time", "rows", "shared_blks_hit", "shared_blks_read", "shared_blks_dirtied", "shared_blks_written", "local_blks_hit", "local_blks_read", "local_blks_dirtied", "local_blks_written", "temp_blks_read", "temp_blks_written", "shared_blk_read_time", "shared_blk_write_time", "local_blk_read_time", "local_blk_write_time", "temp_blk_read_time", "temp_blk_write_time", "wal_records", "wal_fpi", "wal_bytes", "jit_functions", "jit_generation_time", "jit_inlining_count", "jit_inlining_time", "jit_optimization_count", "jit_optimization_time", "jit_emission_count", "jit_emission_time", "jit_deform_count", "jit_deform_time", "stats_since", "minmax_stats_since") VALUES (16387, 5, true, -1132285733510545874, 'SELECT COUNT(*) FROM (SELECT "public"."business_locations_locales"."id" FROM "public"."business_locations_locales" WHERE $2=$3 OFFSET $1) AS "sub"', 0, 0, 0, 0, 0, 0, 2, 0.04696, 0.015099999999999999, 0.031860000000000006, 0.02348, 0.008380000000000004, 2, 2, 0, 0, 0, 0, 0, 0, 0, 0, 0, 0, 0, 0, 0, 0, 0, 0, 0, '"0"', 0, 0, 0, 0, 0, 0, 0, 0, 0, 0, '2026-02-11T18:37:55.200Z', '2026-02-11T18:37:55.200Z');
INSERT INTO "pg_stat_statements" ("userid", "dbid", "toplevel", "queryid", "query", "plans", "total_plan_time", "min_plan_time", "max_plan_time", "mean_plan_time", "stddev_plan_time", "calls", "total_exec_time", "min_exec_time", "max_exec_time", "mean_exec_time", "stddev_exec_time", "rows", "shared_blks_hit", "shared_blks_read", "shared_blks_dirtied", "shared_blks_written", "local_blks_hit", "local_blks_read", "local_blks_dirtied", "local_blks_written", "temp_blks_read", "temp_blks_written", "shared_blk_read_time", "shared_blk_write_time", "local_blk_read_time", "local_blk_write_time", "temp_blk_read_time", "temp_blk_write_time", "wal_records", "wal_fpi", "wal_bytes", "jit_functions", "jit_generation_time", "jit_inlining_count", "jit_inlining_time", "jit_optimization_count", "jit_optimization_time", "jit_emission_count", "jit_emission_time", "jit_deform_count", "jit_deform_time", "stats_since", "minmax_stats_since") VALUES (16387, 5, true, 889927090681240046, 'SELECT COUNT(*) FROM (SELECT "public"."contact_departments_locales"."id" FROM "public"."contact_departments_locales" WHERE $2=$3 OFFSET $1) AS "sub"', 0, 0, 0, 0, 0, 0, 2, 0.03941, 0.01828, 0.02113, 0.019705, 0.0014249999999999992, 2, 2, 0, 0, 0, 0, 0, 0, 0, 0, 0, 0, 0, 0, 0, 0, 0, 0, 0, '"0"', 0, 0, 0, 0, 0, 0, 0, 0, 0, 0, '2026-02-11T18:37:57.855Z', '2026-02-11T18:37:57.855Z');
INSERT INTO "pg_stat_statements" ("userid", "dbid", "toplevel", "queryid", "query", "plans", "total_plan_time", "min_plan_time", "max_plan_time", "mean_plan_time", "stddev_plan_time", "calls", "total_exec_time", "min_exec_time", "max_exec_time", "mean_exec_time", "stddev_exec_time", "rows", "shared_blks_hit", "shared_blks_read", "shared_blks_dirtied", "shared_blks_written", "local_blks_hit", "local_blks_read", "local_blks_dirtied", "local_blks_written", "temp_blks_read", "temp_blks_written", "shared_blk_read_time", "shared_blk_write_time", "local_blk_read_time", "local_blk_write_time", "temp_blk_read_time", "temp_blk_write_time", "wal_records", "wal_fpi", "wal_bytes", "jit_functions", "jit_generation_time", "jit_inlining_count", "jit_inlining_time", "jit_optimization_count", "jit_optimization_time", "jit_emission_count", "jit_emission_time", "jit_deform_count", "jit_deform_time", "stats_since", "minmax_stats_since") VALUES (16387, 5, true, 11701968915743190, 'begin', 0, 0, 0, 0, 0, 0, 7, 0.01438, 0.00079, 0.00673, 0.0020542857142857142, 0.002076995475219345, 0, 0, 0, 0, 0, 0, 0, 0, 0, 0, 0, 0, 0, 0, 0, 0, 0, 0, 0, '"0"', 0, 0, 0, 0, 0, 0, 0, 0, 0, 0, '2026-02-11T17:24:38.402Z', '2026-02-11T17:24:38.402Z');
INSERT INTO "pg_stat_statements" ("userid", "dbid", "toplevel", "queryid", "query", "plans", "total_plan_time", "min_plan_time", "max_plan_time", "mean_plan_time", "stddev_plan_time", "calls", "total_exec_time", "min_exec_time", "max_exec_time", "mean_exec_time", "stddev_exec_time", "rows", "shared_blks_hit", "shared_blks_read", "shared_blks_dirtied", "shared_blks_written", "local_blks_hit", "local_blks_read", "local_blks_dirtied", "local_blks_written", "temp_blks_read", "temp_blks_written", "shared_blk_read_time", "shared_blk_write_time", "local_blk_read_time", "local_blk_write_time", "temp_blk_read_time", "temp_blk_write_time", "wal_records", "wal_fpi", "wal_bytes", "jit_functions", "jit_generation_time", "jit_inlining_count", "jit_inlining_time", "jit_optimization_count", "jit_optimization_time", "jit_emission_count", "jit_emission_time", "jit_deform_count", "jit_deform_time", "stats_since", "minmax_stats_since") VALUES (16387, 5, true, -8896579567422298834, 'SELECT * FROM "business_partners"', 0, 0, 0, 0, 0, 0, 1, 0.0496, 0.0496, 0.0496, 0.0496, 0, 1, 1, 0, 0, 0, 0, 0, 0, 0, 0, 0, 0, 0, 0, 0, 0, 0, 0, 0, '"0"', 0, 0, 0, 0, 0, 0, 0, 0, 0, 0, '2026-02-11T18:53:19.292Z', '2026-02-11T18:53:19.292Z');
INSERT INTO "pg_stat_statements" ("userid", "dbid", "toplevel", "queryid", "query", "plans", "total_plan_time", "min_plan_time", "max_plan_time", "mean_plan_time", "stddev_plan_time", "calls", "total_exec_time", "min_exec_time", "max_exec_time", "mean_exec_time", "stddev_exec_time", "rows", "shared_blks_hit", "shared_blks_read", "shared_blks_dirtied", "shared_blks_written", "local_blks_hit", "local_blks_read", "local_blks_dirtied", "local_blks_written", "temp_blks_read", "temp_blks_written", "shared_blk_read_time", "shared_blk_write_time", "local_blk_read_time", "local_blk_write_time", "temp_blk_read_time", "temp_blk_write_time", "wal_records", "wal_fpi", "wal_bytes", "jit_functions", "jit_generation_time", "jit_inlining_count", "jit_inlining_time", "jit_optimization_count", "jit_optimization_time", "jit_emission_count", "jit_emission_time", "jit_deform_count", "jit_deform_time", "stats_since", "minmax_stats_since") VALUES (16387, 5, true, -3569774034836310701, 'select distinct "payload_locked_documents"."id", "payload_locked_documents"."created_at", "payload_locked_documents"."created_at" from "payload_locked_documents" left join "payload_locked_documents_rels" "3d13f458_e737_490d_903d_bef507d05805" on ("payload_locked_documents"."id" = "3d13f458_e737_490d_903d_bef507d05805"."parent_id" and "3d13f458_e737_490d_903d_bef507d05805"."path" like $1) where ("3d13f458_e737_490d_903d_bef507d05805"."contact_departments_id" is not null and ("3d13f458_e737_490d_903d_bef507d05805"."media_id" in ($2, $3, $4, $5, $6, $7, $8, $9) or "3d13f458_e737_490d_903d_bef507d05805"."users_id" in ($10, $11, $12, $13, $14, $15, $16, $17) or "3d13f458_e737_490d_903d_bef507d05805"."tenants_id" in ($18, $19, $20, $21, $22, $23, $24, $25) or "3d13f458_e737_490d_903d_bef507d05805"."business_profile_id" in ($26, $27, $28, $29, $30, $31, $32, $33) or "3d13f458_e737_490d_903d_bef507d05805"."business_themes_id" in ($34, $35, $36, $37, $38, $39, $40, $41) or "3d13f458_e737_490d_903d_bef507d05805"."about_business_id" in ($42, $43, $44, $45, $46, $47, $48, $49) or "3d13f458_e737_490d_903d_bef507d05805"."image_galleries_id" in ($50, $51, $52, $53, $54, $55, $56, $57) or "3d13f458_e737_490d_903d_bef507d05805"."contact_departments_id" in ($58, $59, $60, $61, $62, $63, $64, $65) or "3d13f458_e737_490d_903d_bef507d05805"."social_links_id" in ($66, $67, $68, $69, $70, $71, $72, $73) or "3d13f458_e737_490d_903d_bef507d05805"."business_services_id" in ($74, $75, $76, $77, $78, $79, $80, $81) or "3d13f458_e737_490d_903d_bef507d05805"."business_partners_id" in ($82, $83, $84, $85, $86, $87, $88, $89) or "3d13f458_e737_490d_903d_bef507d05805"."business_locations_id" in ($90, $91, $92, $93, $94, $95, $96, $97) or "3d13f458_e737_490d_903d_bef507d05805"."section_titles_id" in ($98, $99, $100, $101, $102, $103, $104, $105) or "3d13f458_e737_490d_903d_bef507d05805"."tenant_link_configuration_id" in ($106, $107, $108, $109, $110, $111, $112, $113) or "3d13f458_e737_490d_903d_bef507d05805"."partners_carousel_settings_id" in ($114, $115, $116, $117, $118, $119, $120, $121)) and "payload_locked_documents"."updated_at" > $122) order by "payload_locked_documents"."created_at" desc limit $123', 0, 0, 0, 0, 0, 0, 2, 0.0378, 0.01872, 0.01908, 0.0189, 0.0001799999999999996, 0, 2, 0, 0, 0, 0, 0, 0, 0, 0, 0, 0, 0, 0, 0, 0, 0, 0, 0, '"0"', 0, 0, 0, 0, 0, 0, 0, 0, 0, 0, '2026-02-11T17:47:51.601Z', '2026-02-11T17:47:51.601Z');
INSERT INTO "pg_stat_statements" ("userid", "dbid", "toplevel", "queryid", "query", "plans", "total_plan_time", "min_plan_time", "max_plan_time", "mean_plan_time", "stddev_plan_time", "calls", "total_exec_time", "min_exec_time", "max_exec_time", "mean_exec_time", "stddev_exec_time", "rows", "shared_blks_hit", "shared_blks_read", "shared_blks_dirtied", "shared_blks_written", "local_blks_hit", "local_blks_read", "local_blks_dirtied", "local_blks_written", "temp_blks_read", "temp_blks_written", "shared_blk_read_time", "shared_blk_write_time", "local_blk_read_time", "local_blk_write_time", "temp_blk_read_time", "temp_blk_write_time", "wal_records", "wal_fpi", "wal_bytes", "jit_functions", "jit_generation_time", "jit_inlining_count", "jit_inlining_time", "jit_optimization_count", "jit_optimization_time", "jit_emission_count", "jit_emission_time", "jit_deform_count", "jit_deform_time", "stats_since", "minmax_stats_since") VALUES (16387, 5, true, -2835399305386018931, 'commit', 0, 0, 0, 0, 0, 0, 5, 0.0049700000000000005, 0.00085, 0.00121, 0.000994, 0.00012939860895697444, 0, 0, 0, 0, 0, 0, 0, 0, 0, 0, 0, 0, 0, 0, 0, 0, 0, 0, 0, '"0"', 0, 0, 0, 0, 0, 0, 0, 0, 0, 0, '2026-02-11T17:48:09.097Z', '2026-02-11T17:48:09.097Z');
INSERT INTO "pg_stat_statements" ("userid", "dbid", "toplevel", "queryid", "query", "plans", "total_plan_time", "min_plan_time", "max_plan_time", "mean_plan_time", "stddev_plan_time", "calls", "total_exec_time", "min_exec_time", "max_exec_time", "mean_exec_time", "stddev_exec_time", "rows", "shared_blks_hit", "shared_blks_read", "shared_blks_dirtied", "shared_blks_written", "local_blks_hit", "local_blks_read", "local_blks_dirtied", "local_blks_written", "temp_blks_read", "temp_blks_written", "shared_blk_read_time", "shared_blk_write_time", "local_blk_read_time", "local_blk_write_time", "temp_blk_read_time", "temp_blk_write_time", "wal_records", "wal_fpi", "wal_bytes", "jit_functions", "jit_generation_time", "jit_inlining_count", "jit_inlining_time", "jit_optimization_count", "jit_optimization_time", "jit_emission_count", "jit_emission_time", "jit_deform_count", "jit_deform_time", "stats_since", "minmax_stats_since") VALUES (16387, 5, true, 4284973272264293820, 'SELECT COUNT(*) FROM (SELECT "public"."business_locations"."id" FROM "public"."business_locations" WHERE $2=$3 OFFSET $1) AS "sub"', 0, 0, 0, 0, 0, 0, 2, 0.04943, 0.01702, 0.03241, 0.024715, 0.0076950000000000005, 2, 2, 0, 0, 0, 0, 0, 0, 0, 0, 0, 0, 0, 0, 0, 0, 0, 0, 0, '"0"', 0, 0, 0, 0, 0, 0, 0, 0, 0, 0, '2026-02-11T18:37:54.909Z', '2026-02-11T18:37:54.909Z');
INSERT INTO "pg_stat_statements" ("userid", "dbid", "toplevel", "queryid", "query", "plans", "total_plan_time", "min_plan_time", "max_plan_time", "mean_plan_time", "stddev_plan_time", "calls", "total_exec_time", "min_exec_time", "max_exec_time", "mean_exec_time", "stddev_exec_time", "rows", "shared_blks_hit", "shared_blks_read", "shared_blks_dirtied", "shared_blks_written", "local_blks_hit", "local_blks_read", "local_blks_dirtied", "local_blks_written", "temp_blks_read", "temp_blks_written", "shared_blk_read_time", "shared_blk_write_time", "local_blk_read_time", "local_blk_write_time", "temp_blk_read_time", "temp_blk_write_time", "wal_records", "wal_fpi", "wal_bytes", "jit_functions", "jit_generation_time", "jit_inlining_count", "jit_inlining_time", "jit_optimization_count", "jit_optimization_time", "jit_emission_count", "jit_emission_time", "jit_deform_count", "jit_deform_time", "stats_since", "minmax_stats_since") VALUES (16387, 5, true, -8524880575836608616, 'SELECT COUNT(*) FROM (SELECT "public"."social_links"."id" FROM "public"."social_links" WHERE $2=$3 OFFSET $1) AS "sub"', 0, 0, 0, 0, 0, 0, 2, 0.03381, 0.015359999999999999, 0.01845, 0.016905, 0.0015450000000000012, 2, 2, 0, 0, 0, 0, 0, 0, 0, 0, 0, 0, 0, 0, 0, 0, 0, 0, 0, '"0"', 0, 0, 0, 0, 0, 0, 0, 0, 0, 0, '2026-02-11T18:38:01.575Z', '2026-02-11T18:38:01.575Z');
INSERT INTO "pg_stat_statements" ("userid", "dbid", "toplevel", "queryid", "query", "plans", "total_plan_time", "min_plan_time", "max_plan_time", "mean_plan_time", "stddev_plan_time", "calls", "total_exec_time", "min_exec_time", "max_exec_time", "mean_exec_time", "stddev_exec_time", "rows", "shared_blks_hit", "shared_blks_read", "shared_blks_dirtied", "shared_blks_written", "local_blks_hit", "local_blks_read", "local_blks_dirtied", "local_blks_written", "temp_blks_read", "temp_blks_written", "shared_blk_read_time", "shared_blk_write_time", "local_blk_read_time", "local_blk_write_time", "temp_blk_read_time", "temp_blk_write_time", "wal_records", "wal_fpi", "wal_bytes", "jit_functions", "jit_generation_time", "jit_inlining_count", "jit_inlining_time", "jit_optimization_count", "jit_optimization_time", "jit_emission_count", "jit_emission_time", "jit_deform_count", "jit_deform_time", "stats_since", "minmax_stats_since") VALUES (16387, 5, true, -5520469232943047804, 'select "business_locations"."id", "business_locations"."tenant_id", "business_locations"."google_map_link", "business_locations"."order", "business_locations"."updated_at", "business_locations"."created_at", "business_locations__locales"."data" as "_locales" from "business_locations" "business_locations" left join lateral (select coalesce(json_agg(json_build_array("business_locations__locales"."title", "business_locations__locales"."description", "business_locations__locales"."_locale")), $3::json) as "data" from "business_locations_locales" "business_locations__locales" where "business_locations__locales"."_parent_id" = "business_locations"."id") "business_locations__locales" on $4 where "business_locations"."tenant_id" = $1 order by "business_locations"."order" asc, "business_locations"."created_at" desc limit $2', 0, 0, 0, 0, 0, 0, 35, 5.347747, 0.03691, 1.0717789999999998, 0.15279277142857142, 0.23257953781228546, 56, 245, 0, 0, 0, 0, 0, 0, 0, 0, 0, 0, 0, 0, 0, 0, 0, 0, 0, '"0"', 0, 0, 0, 0, 0, 0, 0, 0, 0, 0, '2026-02-11T17:27:35.436Z', '2026-02-11T17:27:35.436Z');
INSERT INTO "pg_stat_statements" ("userid", "dbid", "toplevel", "queryid", "query", "plans", "total_plan_time", "min_plan_time", "max_plan_time", "mean_plan_time", "stddev_plan_time", "calls", "total_exec_time", "min_exec_time", "max_exec_time", "mean_exec_time", "stddev_exec_time", "rows", "shared_blks_hit", "shared_blks_read", "shared_blks_dirtied", "shared_blks_written", "local_blks_hit", "local_blks_read", "local_blks_dirtied", "local_blks_written", "temp_blks_read", "temp_blks_written", "shared_blk_read_time", "shared_blk_write_time", "local_blk_read_time", "local_blk_write_time", "temp_blk_read_time", "temp_blk_write_time", "wal_records", "wal_fpi", "wal_bytes", "jit_functions", "jit_generation_time", "jit_inlining_count", "jit_inlining_time", "jit_optimization_count", "jit_optimization_time", "jit_emission_count", "jit_emission_time", "jit_deform_count", "jit_deform_time", "stats_since", "minmax_stats_since") VALUES (16387, 5, true, -2714431153328825801, 'SELECT
                con.oid         AS "con_id",
                att2.attname    AS "child_column",
                cl.relname      AS "parent_table",
                att.attname     AS "parent_column",
                con.confdeltype,
                con.confupdtype,
                rel_ns.nspname  AS "referenced_schema_name",
                conname         AS constraint_name,
                child,
                parent,
                table_name, 
                namespace,
                condeferrable,
                condeferred
            FROM (SELECT 
                        ns.nspname AS "namespace",
                        unnest(con1.conkey)                AS "parent",
                        unnest(con1.confkey)                AS "child",
                        cl.relname                          AS table_name,
                        ns.nspname                          AS schema_name,
                        generate_subscripts(con1.conkey, $2) AS colidx,
                        con1.oid,
                        con1.confrelid,
                        con1.conrelid,
                        con1.conname,
                        con1.confdeltype,
                        con1.confupdtype,
                        con1.condeferrable                  AS condeferrable,
                        con1.condeferred                    AS condeferred
                FROM pg_class cl
                        join pg_constraint con1 on con1.conrelid = cl.oid
                        join pg_namespace ns on cl.relnamespace = ns.oid
                WHERE
                    ns.nspname = ANY ( $1 )
                    and con1.contype = $3
                ORDER BY colidx
                ) con
                    JOIN pg_attribute att on att.attrelid = con.confrelid and att.attnum = con.child
                    JOIN pg_class cl on cl.oid = con.confrelid
                    JOIN pg_attribute att2 on att2.attrelid = con.conrelid and att2.attnum = con.parent
                    JOIN pg_class rel_cl on con.confrelid = rel_cl.oid
                    JOIN pg_namespace rel_ns on rel_cl.relnamespace = rel_ns.oid
            ORDER BY namespace, table_name, constraint_name, con_id, con.colidx', 0, 0, 0, 0, 0, 0, 1, 1.643078, 1.643078, 1.643078, 1.643078, 0, 50, 370, 0, 1, 0, 0, 0, 0, 0, 0, 0, 0, 0, 0, 0, 0, 0, 1, 1, '"309"', 0, 0, 0, 0, 0, 0, 0, 0, 0, 0, '2026-02-11T18:32:37.621Z', '2026-02-11T18:32:37.621Z');
INSERT INTO "pg_stat_statements" ("userid", "dbid", "toplevel", "queryid", "query", "plans", "total_plan_time", "min_plan_time", "max_plan_time", "mean_plan_time", "stddev_plan_time", "calls", "total_exec_time", "min_exec_time", "max_exec_time", "mean_exec_time", "stddev_exec_time", "rows", "shared_blks_hit", "shared_blks_read", "shared_blks_dirtied", "shared_blks_written", "local_blks_hit", "local_blks_read", "local_blks_dirtied", "local_blks_written", "temp_blks_read", "temp_blks_written", "shared_blk_read_time", "shared_blk_write_time", "local_blk_read_time", "local_blk_write_time", "temp_blk_read_time", "temp_blk_write_time", "wal_records", "wal_fpi", "wal_bytes", "jit_functions", "jit_generation_time", "jit_inlining_count", "jit_inlining_time", "jit_optimization_count", "jit_optimization_time", "jit_emission_count", "jit_emission_time", "jit_deform_count", "jit_deform_time", "stats_since", "minmax_stats_since") VALUES (16387, 5, true, -1060552881523973890, 'select "contact_departments"."id", "contact_departments"."tenant_id", "contact_departments"."whatsapp", "contact_departments"."telegram", "contact_departments"."sms", "contact_departments"."telephone", "contact_departments"."order", "contact_departments"."updated_at", "contact_departments"."created_at", "contact_departments__locales"."data" as "_locales" from "contact_departments" "contact_departments" left join lateral (select coalesce(json_agg(json_build_array("contact_departments__locales"."title", "contact_departments__locales"."phone", "contact_departments__locales"."_locale")), $3::json) as "data" from "contact_departments_locales" "contact_departments__locales" where "contact_departments__locales"."_parent_id" = "contact_departments"."id") "contact_departments__locales" on $4 where "contact_departments"."id" = $1 order by "contact_departments"."created_at" desc limit $2', 0, 0, 0, 0, 0, 0, 6, 0.31158899999999995, 0.045579, 0.07099, 0.0519315, 0.008907017715449616, 6, 21, 0, 0, 0, 0, 0, 0, 0, 0, 0, 0, 0, 0, 0, 0, 0, 0, 0, '"0"', 0, 0, 0, 0, 0, 0, 0, 0, 0, 0, '2026-02-11T17:48:09.343Z', '2026-02-11T17:48:09.343Z');
INSERT INTO "pg_stat_statements" ("userid", "dbid", "toplevel", "queryid", "query", "plans", "total_plan_time", "min_plan_time", "max_plan_time", "mean_plan_time", "stddev_plan_time", "calls", "total_exec_time", "min_exec_time", "max_exec_time", "mean_exec_time", "stddev_exec_time", "rows", "shared_blks_hit", "shared_blks_read", "shared_blks_dirtied", "shared_blks_written", "local_blks_hit", "local_blks_read", "local_blks_dirtied", "local_blks_written", "temp_blks_read", "temp_blks_written", "shared_blk_read_time", "shared_blk_write_time", "local_blk_read_time", "local_blk_write_time", "temp_blk_read_time", "temp_blk_write_time", "wal_records", "wal_fpi", "wal_bytes", "jit_functions", "jit_generation_time", "jit_inlining_count", "jit_inlining_time", "jit_optimization_count", "jit_optimization_time", "jit_emission_count", "jit_emission_time", "jit_deform_count", "jit_deform_time", "stats_since", "minmax_stats_since") VALUES (16387, 5, true, -3395948131391574499, 'SELECT COUNT(*) FROM (SELECT "public"."business_themes"."id" FROM "public"."business_themes" WHERE $2=$3 OFFSET $1) AS "sub"', 0, 0, 0, 0, 0, 0, 2, 0.0389, 0.01697, 0.021929999999999998, 0.01945, 0.0024799999999999996, 2, 2, 0, 0, 0, 0, 0, 0, 0, 0, 0, 0, 0, 0, 0, 0, 0, 0, 0, '"0"', 0, 0, 0, 0, 0, 0, 0, 0, 0, 0, '2026-02-11T18:37:57.231Z', '2026-02-11T18:37:57.231Z');
INSERT INTO "pg_stat_statements" ("userid", "dbid", "toplevel", "queryid", "query", "plans", "total_plan_time", "min_plan_time", "max_plan_time", "mean_plan_time", "stddev_plan_time", "calls", "total_exec_time", "min_exec_time", "max_exec_time", "mean_exec_time", "stddev_exec_time", "rows", "shared_blks_hit", "shared_blks_read", "shared_blks_dirtied", "shared_blks_written", "local_blks_hit", "local_blks_read", "local_blks_dirtied", "local_blks_written", "temp_blks_read", "temp_blks_written", "shared_blk_read_time", "shared_blk_write_time", "local_blk_read_time", "local_blk_write_time", "temp_blk_read_time", "temp_blk_write_time", "wal_records", "wal_fpi", "wal_bytes", "jit_functions", "jit_generation_time", "jit_inlining_count", "jit_inlining_time", "jit_optimization_count", "jit_optimization_time", "jit_emission_count", "jit_emission_time", "jit_deform_count", "jit_deform_time", "stats_since", "minmax_stats_since") VALUES (16387, 5, true, 6150503306336250305, 'SELECT COUNT(*) FROM (SELECT "public"."image_galleries_images"."id" FROM "public"."image_galleries_images" WHERE $2=$3 OFFSET $1) AS "sub"', 0, 0, 0, 0, 0, 0, 2, 0.030669999999999996, 0.0141, 0.016569999999999998, 0.015334999999999998, 0.0012349999999999987, 2, 2, 0, 0, 0, 0, 0, 0, 0, 0, 0, 0, 0, 0, 0, 0, 0, 0, 0, '"0"', 0, 0, 0, 0, 0, 0, 0, 0, 0, 0, '2026-02-11T18:37:58.463Z', '2026-02-11T18:37:58.463Z');
INSERT INTO "pg_stat_statements" ("userid", "dbid", "toplevel", "queryid", "query", "plans", "total_plan_time", "min_plan_time", "max_plan_time", "mean_plan_time", "stddev_plan_time", "calls", "total_exec_time", "min_exec_time", "max_exec_time", "mean_exec_time", "stddev_exec_time", "rows", "shared_blks_hit", "shared_blks_read", "shared_blks_dirtied", "shared_blks_written", "local_blks_hit", "local_blks_read", "local_blks_dirtied", "local_blks_written", "temp_blks_read", "temp_blks_written", "shared_blk_read_time", "shared_blk_write_time", "local_blk_read_time", "local_blk_write_time", "temp_blk_read_time", "temp_blk_write_time", "wal_records", "wal_fpi", "wal_bytes", "jit_functions", "jit_generation_time", "jit_inlining_count", "jit_inlining_time", "jit_optimization_count", "jit_optimization_time", "jit_emission_count", "jit_emission_time", "jit_deform_count", "jit_deform_time", "stats_since", "minmax_stats_since") VALUES (16387, 5, true, 8179456656620531265, 'SELECT
                t.typname AS name,
                e.enumlabel AS value,
                n.nspname AS namespace,
                obj_description(t.oid, $2) AS description
            FROM pg_type t
            JOIN pg_enum e ON t.oid = e.enumtypid
            JOIN pg_catalog.pg_namespace n ON n.oid = t.typnamespace
            WHERE n.nspname = ANY ( $1 )
            ORDER BY e.enumsortorder', 0, 0, 0, 0, 0, 0, 1, 1.089719, 1.089719, 1.089719, 1.089719, 0, 23, 147, 0, 0, 0, 0, 0, 0, 0, 0, 0, 0, 0, 0, 0, 0, 0, 0, 0, '"0"', 0, 0, 0, 0, 0, 0, 0, 0, 0, 0, '2026-02-11T18:32:36.659Z', '2026-02-11T18:32:36.659Z');
INSERT INTO "pg_stat_statements" ("userid", "dbid", "toplevel", "queryid", "query", "plans", "total_plan_time", "min_plan_time", "max_plan_time", "mean_plan_time", "stddev_plan_time", "calls", "total_exec_time", "min_exec_time", "max_exec_time", "mean_exec_time", "stddev_exec_time", "rows", "shared_blks_hit", "shared_blks_read", "shared_blks_dirtied", "shared_blks_written", "local_blks_hit", "local_blks_read", "local_blks_dirtied", "local_blks_written", "temp_blks_read", "temp_blks_written", "shared_blk_read_time", "shared_blk_write_time", "local_blk_read_time", "local_blk_write_time", "temp_blk_read_time", "temp_blk_write_time", "wal_records", "wal_fpi", "wal_bytes", "jit_functions", "jit_generation_time", "jit_inlining_count", "jit_inlining_time", "jit_optimization_count", "jit_optimization_time", "jit_emission_count", "jit_emission_time", "jit_deform_count", "jit_deform_time", "stats_since", "minmax_stats_since") VALUES (16387, 5, true, 4650743685947572443, 'select count(*) from "business_profile" where "business_profile"."tenant_id" = $1', 0, 0, 0, 0, 0, 0, 37, 2.272668999999999, 0.0085, 0.26677, 0.06142348648648649, 0.05606457569027789, 37, 67, 0, 0, 0, 0, 0, 0, 0, 0, 0, 0, 0, 0, 0, 0, 0, 0, 0, '"0"', 0, 0, 0, 0, 0, 0, 0, 0, 0, 0, '2026-02-11T17:27:35.340Z', '2026-02-11T17:27:35.340Z');
INSERT INTO "pg_stat_statements" ("userid", "dbid", "toplevel", "queryid", "query", "plans", "total_plan_time", "min_plan_time", "max_plan_time", "mean_plan_time", "stddev_plan_time", "calls", "total_exec_time", "min_exec_time", "max_exec_time", "mean_exec_time", "stddev_exec_time", "rows", "shared_blks_hit", "shared_blks_read", "shared_blks_dirtied", "shared_blks_written", "local_blks_hit", "local_blks_read", "local_blks_dirtied", "local_blks_written", "temp_blks_read", "temp_blks_written", "shared_blk_read_time", "shared_blk_write_time", "local_blk_read_time", "local_blk_write_time", "temp_blk_read_time", "temp_blk_write_time", "wal_records", "wal_fpi", "wal_bytes", "jit_functions", "jit_generation_time", "jit_inlining_count", "jit_inlining_time", "jit_optimization_count", "jit_optimization_time", "jit_emission_count", "jit_emission_time", "jit_deform_count", "jit_deform_time", "stats_since", "minmax_stats_since") VALUES (16387, 5, true, -7239702054086527529, 'SELECT COUNT(*) FROM (SELECT "public"."business_partners"."id" FROM "public"."business_partners" WHERE $2=$3 OFFSET $1) AS "sub"', 0, 0, 0, 0, 0, 0, 2, 0.04172, 0.0143, 0.02742, 0.02086, 0.00656, 2, 2, 0, 0, 0, 0, 0, 0, 0, 0, 0, 0, 0, 0, 0, 0, 0, 0, 0, '"0"', 0, 0, 0, 0, 0, 0, 0, 0, 0, 0, '2026-02-11T18:37:55.496Z', '2026-02-11T18:37:55.496Z');
INSERT INTO "pg_stat_statements" ("userid", "dbid", "toplevel", "queryid", "query", "plans", "total_plan_time", "min_plan_time", "max_plan_time", "mean_plan_time", "stddev_plan_time", "calls", "total_exec_time", "min_exec_time", "max_exec_time", "mean_exec_time", "stddev_exec_time", "rows", "shared_blks_hit", "shared_blks_read", "shared_blks_dirtied", "shared_blks_written", "local_blks_hit", "local_blks_read", "local_blks_dirtied", "local_blks_written", "temp_blks_read", "temp_blks_written", "shared_blk_read_time", "shared_blk_write_time", "local_blk_read_time", "local_blk_write_time", "temp_blk_read_time", "temp_blk_write_time", "wal_records", "wal_fpi", "wal_bytes", "jit_functions", "jit_generation_time", "jit_inlining_count", "jit_inlining_time", "jit_optimization_count", "jit_optimization_time", "jit_emission_count", "jit_emission_time", "jit_deform_count", "jit_deform_time", "stats_since", "minmax_stats_since") VALUES (16387, 5, true, -3308624649222078734, 'SELECT COUNT(*) FROM (SELECT "public"."business_services_locales"."id" FROM "public"."business_services_locales" WHERE $2=$3 OFFSET $1) AS "sub"', 0, 0, 0, 0, 0, 0, 2, 0.04042, 0.018709999999999997, 0.02171, 0.02021, 0.0015000000000000013, 2, 2, 0, 0, 0, 0, 0, 0, 0, 0, 0, 0, 0, 0, 0, 0, 0, 0, 0, '"0"', 0, 0, 0, 0, 0, 0, 0, 0, 0, 0, '2026-02-11T18:37:56.947Z', '2026-02-11T18:37:56.947Z');
INSERT INTO "pg_stat_statements" ("userid", "dbid", "toplevel", "queryid", "query", "plans", "total_plan_time", "min_plan_time", "max_plan_time", "mean_plan_time", "stddev_plan_time", "calls", "total_exec_time", "min_exec_time", "max_exec_time", "mean_exec_time", "stddev_exec_time", "rows", "shared_blks_hit", "shared_blks_read", "shared_blks_dirtied", "shared_blks_written", "local_blks_hit", "local_blks_read", "local_blks_dirtied", "local_blks_written", "temp_blks_read", "temp_blks_written", "shared_blk_read_time", "shared_blk_write_time", "local_blk_read_time", "local_blk_write_time", "temp_blk_read_time", "temp_blk_write_time", "wal_records", "wal_fpi", "wal_bytes", "jit_functions", "jit_generation_time", "jit_inlining_count", "jit_inlining_time", "jit_optimization_count", "jit_optimization_time", "jit_emission_count", "jit_emission_time", "jit_deform_count", "jit_deform_time", "stats_since", "minmax_stats_since") VALUES (16387, 5, true, -7781856134487709962, 'select count(*) from "business_themes"', 0, 0, 0, 0, 0, 0, 33, 0.5661300000000001, 0.00886, 0.03427, 0.017155454545454543, 0.007029818779038027, 33, 33, 0, 0, 0, 0, 0, 0, 0, 0, 0, 0, 0, 0, 0, 0, 0, 0, 0, '"0"', 0, 0, 0, 0, 0, 0, 0, 0, 0, 0, '2026-02-11T17:47:51.480Z', '2026-02-11T17:47:51.480Z');
INSERT INTO "pg_stat_statements" ("userid", "dbid", "toplevel", "queryid", "query", "plans", "total_plan_time", "min_plan_time", "max_plan_time", "mean_plan_time", "stddev_plan_time", "calls", "total_exec_time", "min_exec_time", "max_exec_time", "mean_exec_time", "stddev_exec_time", "rows", "shared_blks_hit", "shared_blks_read", "shared_blks_dirtied", "shared_blks_written", "local_blks_hit", "local_blks_read", "local_blks_dirtied", "local_blks_written", "temp_blks_read", "temp_blks_written", "shared_blk_read_time", "shared_blk_write_time", "local_blk_read_time", "local_blk_write_time", "temp_blk_read_time", "temp_blk_write_time", "wal_records", "wal_fpi", "wal_bytes", "jit_functions", "jit_generation_time", "jit_inlining_count", "jit_inlining_time", "jit_optimization_count", "jit_optimization_time", "jit_emission_count", "jit_emission_time", "jit_deform_count", "jit_deform_time", "stats_since", "minmax_stats_since") VALUES (16387, 5, true, 8072458456967400480, 'SELECT table_name FROM information_schema.tables WHERE table_schema = $1', 0, 0, 0, 0, 0, 0, 1, 0.42707999999999996, 0.42707999999999996, 0.42707999999999996, 0.42707999999999996, 0, 34, 49, 0, 0, 0, 0, 0, 0, 0, 0, 0, 0, 0, 0, 0, 0, 0, 0, 0, '"0"', 0, 0, 0, 0, 0, 0, 0, 0, 0, 0, '2026-02-11T18:52:59.641Z', '2026-02-11T18:52:59.641Z');
INSERT INTO "pg_stat_statements" ("userid", "dbid", "toplevel", "queryid", "query", "plans", "total_plan_time", "min_plan_time", "max_plan_time", "mean_plan_time", "stddev_plan_time", "calls", "total_exec_time", "min_exec_time", "max_exec_time", "mean_exec_time", "stddev_exec_time", "rows", "shared_blks_hit", "shared_blks_read", "shared_blks_dirtied", "shared_blks_written", "local_blks_hit", "local_blks_read", "local_blks_dirtied", "local_blks_written", "temp_blks_read", "temp_blks_written", "shared_blk_read_time", "shared_blk_write_time", "local_blk_read_time", "local_blk_write_time", "temp_blk_read_time", "temp_blk_write_time", "wal_records", "wal_fpi", "wal_bytes", "jit_functions", "jit_generation_time", "jit_inlining_count", "jit_inlining_time", "jit_optimization_count", "jit_optimization_time", "jit_emission_count", "jit_emission_time", "jit_deform_count", "jit_deform_time", "stats_since", "minmax_stats_since") VALUES (16387, 5, true, -3873702214269833682, 'SELECT
    views.viewname AS view_name,
    views.definition AS view_sql,
    views.schemaname AS namespace,
    obj_description(class.oid, $2) AS description
FROM pg_catalog.pg_views views
INNER JOIN pg_catalog.pg_namespace ns ON views.schemaname = ns.nspname
INNER JOIN pg_catalog.pg_class class ON class.relnamespace = ns.oid AND class.relname = views.viewname
WHERE schemaname = ANY ( $1 )', 0, 0, 0, 0, 0, 0, 1, 1.890299, 1.890299, 1.890299, 1.890299, 0, 2, 152, 0, 3, 0, 0, 0, 0, 0, 0, 0, 0, 0, 0, 0, 0, 0, 1, 1, '"581"', 0, 0, 0, 0, 0, 0, 0, 0, 0, 0, '2026-02-11T18:32:36.266Z', '2026-02-11T18:32:36.266Z');
INSERT INTO "pg_stat_statements" ("userid", "dbid", "toplevel", "queryid", "query", "plans", "total_plan_time", "min_plan_time", "max_plan_time", "mean_plan_time", "stddev_plan_time", "calls", "total_exec_time", "min_exec_time", "max_exec_time", "mean_exec_time", "stddev_exec_time", "rows", "shared_blks_hit", "shared_blks_read", "shared_blks_dirtied", "shared_blks_written", "local_blks_hit", "local_blks_read", "local_blks_dirtied", "local_blks_written", "temp_blks_read", "temp_blks_written", "shared_blk_read_time", "shared_blk_write_time", "local_blk_read_time", "local_blk_write_time", "temp_blk_read_time", "temp_blk_write_time", "wal_records", "wal_fpi", "wal_bytes", "jit_functions", "jit_generation_time", "jit_inlining_count", "jit_inlining_time", "jit_optimization_count", "jit_optimization_time", "jit_emission_count", "jit_emission_time", "jit_deform_count", "jit_deform_time", "stats_since", "minmax_stats_since") VALUES (16387, 5, true, -3926891113478718896, 'select "id", "tenant_id", "autoplay", "autoplay_speed", "updated_at", "created_at" from "partners_carousel_settings" "partners_carousel_settings" where "partners_carousel_settings"."tenant_id" = $1 order by "partners_carousel_settings"."created_at" desc limit $2', 0, 0, 0, 0, 0, 0, 34, 2.100418, 0.01847, 0.8370489999999999, 0.061777000000000006, 0.13764551332573788, 27, 91, 0, 0, 0, 0, 0, 0, 0, 0, 0, 0, 0, 0, 0, 0, 0, 0, 0, '"0"', 0, 0, 0, 0, 0, 0, 0, 0, 0, 0, '2026-02-11T17:27:35.906Z', '2026-02-11T17:27:35.906Z');
INSERT INTO "pg_stat_statements" ("userid", "dbid", "toplevel", "queryid", "query", "plans", "total_plan_time", "min_plan_time", "max_plan_time", "mean_plan_time", "stddev_plan_time", "calls", "total_exec_time", "min_exec_time", "max_exec_time", "mean_exec_time", "stddev_exec_time", "rows", "shared_blks_hit", "shared_blks_read", "shared_blks_dirtied", "shared_blks_written", "local_blks_hit", "local_blks_read", "local_blks_dirtied", "local_blks_written", "temp_blks_read", "temp_blks_written", "shared_blk_read_time", "shared_blk_write_time", "local_blk_read_time", "local_blk_write_time", "temp_blk_read_time", "temp_blk_write_time", "wal_records", "wal_fpi", "wal_bytes", "jit_functions", "jit_generation_time", "jit_inlining_count", "jit_inlining_time", "jit_optimization_count", "jit_optimization_time", "jit_emission_count", "jit_emission_time", "jit_deform_count", "jit_deform_time", "stats_since", "minmax_stats_since") VALUES (16387, 5, true, -3273749713735487351, 'SELECT COUNT(*) FROM (SELECT "public"."business_profile_locales"."id" FROM "public"."business_profile_locales" WHERE $2=$3 OFFSET $1) AS "sub"', 0, 0, 0, 0, 0, 0, 2, 0.04213, 0.017759999999999998, 0.02437, 0.021065, 0.0033050000000000015, 2, 2, 0, 0, 0, 0, 0, 0, 0, 0, 0, 0, 0, 0, 0, 0, 0, 0, 0, '"0"', 0, 0, 0, 0, 0, 0, 0, 0, 0, 0, '2026-02-11T18:37:56.335Z', '2026-02-11T18:37:56.335Z');
INSERT INTO "pg_stat_statements" ("userid", "dbid", "toplevel", "queryid", "query", "plans", "total_plan_time", "min_plan_time", "max_plan_time", "mean_plan_time", "stddev_plan_time", "calls", "total_exec_time", "min_exec_time", "max_exec_time", "mean_exec_time", "stddev_exec_time", "rows", "shared_blks_hit", "shared_blks_read", "shared_blks_dirtied", "shared_blks_written", "local_blks_hit", "local_blks_read", "local_blks_dirtied", "local_blks_written", "temp_blks_read", "temp_blks_written", "shared_blk_read_time", "shared_blk_write_time", "local_blk_read_time", "local_blk_write_time", "temp_blk_read_time", "temp_blk_write_time", "wal_records", "wal_fpi", "wal_bytes", "jit_functions", "jit_generation_time", "jit_inlining_count", "jit_inlining_time", "jit_optimization_count", "jit_optimization_time", "jit_emission_count", "jit_emission_time", "jit_deform_count", "jit_deform_time", "stats_since", "minmax_stats_since") VALUES (16387, 5, true, -1727501806517294443, 'select "contact_departments"."id", "contact_departments"."tenant_id", "contact_departments"."whatsapp", "contact_departments"."telegram", "contact_departments"."sms", "contact_departments"."telephone", "contact_departments"."order", "contact_departments"."updated_at", "contact_departments"."created_at", "contact_departments__locales"."data" as "_locales" from "contact_departments" "contact_departments" left join lateral (select coalesce(json_agg(json_build_array("contact_departments__locales"."title", "contact_departments__locales"."phone", "contact_departments__locales"."_locale")), $3::json) as "data" from "contact_departments_locales" "contact_departments__locales" where "contact_departments__locales"."_parent_id" = "contact_departments"."id") "contact_departments__locales" on $4 where "contact_departments"."tenant_id" = $1 order by "contact_departments"."created_at" desc limit $2', 0, 0, 0, 0, 0, 0, 2, 0.26224, 0.12366999999999999, 0.13857, 0.13112, 0.007450000000000009, 16, 31, 0, 0, 0, 0, 0, 0, 0, 0, 0, 0, 0, 0, 0, 0, 0, 0, 0, '"0"', 0, 0, 0, 0, 0, 0, 0, 0, 0, 0, '2026-02-11T17:47:51.582Z', '2026-02-11T17:47:51.582Z');
INSERT INTO "pg_stat_statements" ("userid", "dbid", "toplevel", "queryid", "query", "plans", "total_plan_time", "min_plan_time", "max_plan_time", "mean_plan_time", "stddev_plan_time", "calls", "total_exec_time", "min_exec_time", "max_exec_time", "mean_exec_time", "stddev_exec_time", "rows", "shared_blks_hit", "shared_blks_read", "shared_blks_dirtied", "shared_blks_written", "local_blks_hit", "local_blks_read", "local_blks_dirtied", "local_blks_written", "temp_blks_read", "temp_blks_written", "shared_blk_read_time", "shared_blk_write_time", "local_blk_read_time", "local_blk_write_time", "temp_blk_read_time", "temp_blk_write_time", "wal_records", "wal_fpi", "wal_bytes", "jit_functions", "jit_generation_time", "jit_inlining_count", "jit_inlining_time", "jit_optimization_count", "jit_optimization_time", "jit_emission_count", "jit_emission_time", "jit_deform_count", "jit_deform_time", "stats_since", "minmax_stats_since") VALUES (16387, 5, true, 7905002424251690200, 'SELECT t.typname, t.typtype, t.typelem, r.rngsubtype, t.typbasetype, n.nspname, t.typrelid
FROM pg_catalog.pg_type t
LEFT OUTER JOIN pg_catalog.pg_range r ON r.rngtypid = t.oid
INNER JOIN pg_catalog.pg_namespace n ON t.typnamespace = n.oid
WHERE t.oid = $1', 0, 0, 0, 0, 0, 0, 5, 0.45790000000000003, 0.03658, 0.30643, 0.09158, 0.10742878068748617, 5, 24, 1, 0, 0, 0, 0, 0, 0, 0, 0, 0, 0, 0, 0, 0, 0, 0, 0, '"0"', 0, 0, 0, 0, 0, 0, 0, 0, 0, 0, '2026-02-11T18:53:13.760Z', '2026-02-11T18:53:13.760Z');
INSERT INTO "pg_stat_statements" ("userid", "dbid", "toplevel", "queryid", "query", "plans", "total_plan_time", "min_plan_time", "max_plan_time", "mean_plan_time", "stddev_plan_time", "calls", "total_exec_time", "min_exec_time", "max_exec_time", "mean_exec_time", "stddev_exec_time", "rows", "shared_blks_hit", "shared_blks_read", "shared_blks_dirtied", "shared_blks_written", "local_blks_hit", "local_blks_read", "local_blks_dirtied", "local_blks_written", "temp_blks_read", "temp_blks_written", "shared_blk_read_time", "shared_blk_write_time", "local_blk_read_time", "local_blk_write_time", "temp_blk_read_time", "temp_blk_write_time", "wal_records", "wal_fpi", "wal_bytes", "jit_functions", "jit_generation_time", "jit_inlining_count", "jit_inlining_time", "jit_optimization_count", "jit_optimization_time", "jit_emission_count", "jit_emission_time", "jit_deform_count", "jit_deform_time", "stats_since", "minmax_stats_since") VALUES (16387, 5, true, 7346825460815958618, 'delete from "contact_departments_locales" where "contact_departments_locales"."_parent_id" = $1', 0, 0, 0, 0, 0, 0, 3, 0.08610000000000001, 0.017390000000000003, 0.03641, 0.0287, 0.00817149925044358, 3, 6, 0, 2, 0, 0, 0, 0, 0, 0, 0, 0, 0, 0, 0, 0, 0, 3, 2, '"13130"', 0, 0, 0, 0, 0, 0, 0, 0, 0, 0, '2026-02-11T17:48:09.060Z', '2026-02-11T17:48:09.060Z');
INSERT INTO "pg_stat_statements" ("userid", "dbid", "toplevel", "queryid", "query", "plans", "total_plan_time", "min_plan_time", "max_plan_time", "mean_plan_time", "stddev_plan_time", "calls", "total_exec_time", "min_exec_time", "max_exec_time", "mean_exec_time", "stddev_exec_time", "rows", "shared_blks_hit", "shared_blks_read", "shared_blks_dirtied", "shared_blks_written", "local_blks_hit", "local_blks_read", "local_blks_dirtied", "local_blks_written", "temp_blks_read", "temp_blks_written", "shared_blk_read_time", "shared_blk_write_time", "local_blk_read_time", "local_blk_write_time", "temp_blk_read_time", "temp_blk_write_time", "wal_records", "wal_fpi", "wal_bytes", "jit_functions", "jit_generation_time", "jit_inlining_count", "jit_inlining_time", "jit_optimization_count", "jit_optimization_time", "jit_emission_count", "jit_emission_time", "jit_deform_count", "jit_deform_time", "stats_since", "minmax_stats_since") VALUES (16387, 5, true, -2760249648511451278, 'select "payload_preferences"."id", "payload_preferences"."key", "payload_preferences"."value", "payload_preferences"."updated_at", "payload_preferences"."created_at", "payload_preferences__rels"."data" as "_rels" from "payload_preferences" "payload_preferences" left join lateral (select coalesce(json_agg(json_build_array("payload_preferences__rels"."order", "payload_preferences__rels"."path", "payload_preferences__rels"."users_id") order by "payload_preferences__rels"."order" asc), $2::json) as "data" from (select * from "payload_preferences_rels" "payload_preferences__rels" where "payload_preferences__rels"."parent_id" = "payload_preferences"."id" order by "payload_preferences__rels"."order" asc) "payload_preferences__rels") "payload_preferences__rels" on $3 where "payload_preferences"."id" in ($1)', 0, 0, 0, 0, 0, 0, 23, 0.8924589999999999, 0.03044, 0.06622, 0.03880256521739131, 0.009049727331112568, 23, 52, 0, 0, 0, 0, 0, 0, 0, 0, 0, 0, 0, 0, 0, 0, 0, 0, 0, '"0"', 0, 0, 0, 0, 0, 0, 0, 0, 0, 0, '2026-02-11T17:47:51.464Z', '2026-02-11T17:47:51.464Z');
INSERT INTO "pg_stat_statements" ("userid", "dbid", "toplevel", "queryid", "query", "plans", "total_plan_time", "min_plan_time", "max_plan_time", "mean_plan_time", "stddev_plan_time", "calls", "total_exec_time", "min_exec_time", "max_exec_time", "mean_exec_time", "stddev_exec_time", "rows", "shared_blks_hit", "shared_blks_read", "shared_blks_dirtied", "shared_blks_written", "local_blks_hit", "local_blks_read", "local_blks_dirtied", "local_blks_written", "temp_blks_read", "temp_blks_written", "shared_blk_read_time", "shared_blk_write_time", "local_blk_read_time", "local_blk_write_time", "temp_blk_read_time", "temp_blk_write_time", "wal_records", "wal_fpi", "wal_bytes", "jit_functions", "jit_generation_time", "jit_inlining_count", "jit_inlining_time", "jit_optimization_count", "jit_optimization_time", "jit_emission_count", "jit_emission_time", "jit_deform_count", "jit_deform_time", "stats_since", "minmax_stats_since") VALUES (16387, 5, true, -2882423109710488866, 'select count(*) from "section_titles" where "section_titles"."tenant_id" = $1', 0, 0, 0, 0, 0, 0, 35, 8.184524000000001, 0.0122, 1.276789, 0.2338435428571428, 0.3071813130061642, 35, 63, 0, 0, 0, 0, 0, 0, 0, 0, 0, 0, 0, 0, 0, 0, 0, 0, 0, '"0"', 0, 0, 0, 0, 0, 0, 0, 0, 0, 0, '2026-02-11T17:27:35.417Z', '2026-02-11T17:27:35.417Z');
INSERT INTO "pg_stat_statements" ("userid", "dbid", "toplevel", "queryid", "query", "plans", "total_plan_time", "min_plan_time", "max_plan_time", "mean_plan_time", "stddev_plan_time", "calls", "total_exec_time", "min_exec_time", "max_exec_time", "mean_exec_time", "stddev_exec_time", "rows", "shared_blks_hit", "shared_blks_read", "shared_blks_dirtied", "shared_blks_written", "local_blks_hit", "local_blks_read", "local_blks_dirtied", "local_blks_written", "temp_blks_read", "temp_blks_written", "shared_blk_read_time", "shared_blk_write_time", "local_blk_read_time", "local_blk_write_time", "temp_blk_read_time", "temp_blk_write_time", "wal_records", "wal_fpi", "wal_bytes", "jit_functions", "jit_generation_time", "jit_inlining_count", "jit_inlining_time", "jit_optimization_count", "jit_optimization_time", "jit_emission_count", "jit_emission_time", "jit_deform_count", "jit_deform_time", "stats_since", "minmax_stats_since") VALUES (16387, 5, true, 8820987108892362137, 'select "id", "tenant_id", "name", "primary_color", "secondary_color", "light_background_type", "light_background_color", "light_background_image_id", "dark_background_type", "dark_background_color", "dark_background_image_id", "theme_type", "updated_at", "created_at" from "business_themes" "business_themes" where "business_themes"."tenant_id" = $1 order by "business_themes"."created_at" desc limit $2', 0, 0, 0, 0, 0, 0, 35, 3.4130789999999998, 0.027059999999999997, 0.777609, 0.09751654285714287, 0.12631968087839515, 28, 228, 0, 0, 0, 0, 0, 0, 0, 0, 0, 0, 0, 0, 0, 0, 0, 0, 0, '"0"', 0, 0, 0, 0, 0, 0, 0, 0, 0, 0, '2026-02-11T17:27:35.436Z', '2026-02-11T17:27:35.436Z');
INSERT INTO "pg_stat_statements" ("userid", "dbid", "toplevel", "queryid", "query", "plans", "total_plan_time", "min_plan_time", "max_plan_time", "mean_plan_time", "stddev_plan_time", "calls", "total_exec_time", "min_exec_time", "max_exec_time", "mean_exec_time", "stddev_exec_time", "rows", "shared_blks_hit", "shared_blks_read", "shared_blks_dirtied", "shared_blks_written", "local_blks_hit", "local_blks_read", "local_blks_dirtied", "local_blks_written", "temp_blks_read", "temp_blks_written", "shared_blk_read_time", "shared_blk_write_time", "local_blk_read_time", "local_blk_write_time", "temp_blk_read_time", "temp_blk_write_time", "wal_records", "wal_fpi", "wal_bytes", "jit_functions", "jit_generation_time", "jit_inlining_count", "jit_inlining_time", "jit_optimization_count", "jit_optimization_time", "jit_emission_count", "jit_emission_time", "jit_deform_count", "jit_deform_time", "stats_since", "minmax_stats_since") VALUES (16387, 5, true, 2800308901962295548, 'SELECT $1', 0, 0, 0, 0, 0, 0, 1, 0.00757, 0.00757, 0.00757, 0.00757, 0, 1, 0, 0, 0, 0, 0, 0, 0, 0, 0, 0, 0, 0, 0, 0, 0, 0, 0, 0, '"0"', 0, 0, 0, 0, 0, 0, 0, 0, 0, 0, '2026-02-11T18:53:14.886Z', '2026-02-11T18:53:14.886Z');
INSERT INTO "pg_stat_statements" ("userid", "dbid", "toplevel", "queryid", "query", "plans", "total_plan_time", "min_plan_time", "max_plan_time", "mean_plan_time", "stddev_plan_time", "calls", "total_exec_time", "min_exec_time", "max_exec_time", "mean_exec_time", "stddev_exec_time", "rows", "shared_blks_hit", "shared_blks_read", "shared_blks_dirtied", "shared_blks_written", "local_blks_hit", "local_blks_read", "local_blks_dirtied", "local_blks_written", "temp_blks_read", "temp_blks_written", "shared_blk_read_time", "shared_blk_write_time", "local_blk_read_time", "local_blk_write_time", "temp_blk_read_time", "temp_blk_write_time", "wal_records", "wal_fpi", "wal_bytes", "jit_functions", "jit_generation_time", "jit_inlining_count", "jit_inlining_time", "jit_optimization_count", "jit_optimization_time", "jit_emission_count", "jit_emission_time", "jit_deform_count", "jit_deform_time", "stats_since", "minmax_stats_since") VALUES (16387, 5, true, -8248382312348681657, 'select "about_business"."id", "about_business"."tenant_id", "about_business"."updated_at", "about_business"."created_at", "about_business__locales"."data" as "_locales" from "about_business" "about_business" left join lateral (select coalesce(json_agg(json_build_array("about_business__locales"."description", "about_business__locales"."_locale")), $3::json) as "data" from "about_business_locales" "about_business__locales" where "about_business__locales"."_parent_id" = "about_business"."id") "about_business__locales" on $4 where "about_business"."tenant_id" = $1 order by "about_business"."created_at" desc limit $2', 0, 0, 0, 0, 0, 0, 34, 6.724803999999999, 0.011729999999999999, 2.5414280000000002, 0.19778835294117647, 0.4858531772882132, 27, 143, 0, 0, 0, 0, 0, 0, 0, 0, 0, 0, 0, 0, 0, 0, 0, 0, 0, '"0"', 0, 0, 0, 0, 0, 0, 0, 0, 0, 0, '2026-02-11T17:27:35.886Z', '2026-02-11T17:27:35.886Z');
INSERT INTO "pg_stat_statements" ("userid", "dbid", "toplevel", "queryid", "query", "plans", "total_plan_time", "min_plan_time", "max_plan_time", "mean_plan_time", "stddev_plan_time", "calls", "total_exec_time", "min_exec_time", "max_exec_time", "mean_exec_time", "stddev_exec_time", "rows", "shared_blks_hit", "shared_blks_read", "shared_blks_dirtied", "shared_blks_written", "local_blks_hit", "local_blks_read", "local_blks_dirtied", "local_blks_written", "temp_blks_read", "temp_blks_written", "shared_blk_read_time", "shared_blk_write_time", "local_blk_read_time", "local_blk_write_time", "temp_blk_read_time", "temp_blk_write_time", "wal_records", "wal_fpi", "wal_bytes", "jit_functions", "jit_generation_time", "jit_inlining_count", "jit_inlining_time", "jit_optimization_count", "jit_optimization_time", "jit_emission_count", "jit_emission_time", "jit_deform_count", "jit_deform_time", "stats_since", "minmax_stats_since") VALUES (16387, 5, true, 1713457091711304811, 'SELECT * FROM "users_sessions"', 0, 0, 0, 0, 0, 0, 1, 0.04322, 0.04322, 0.04322, 0.04322, 0, 3, 1, 0, 0, 0, 0, 0, 0, 0, 0, 0, 0, 0, 0, 0, 0, 0, 0, 0, '"0"', 0, 0, 0, 0, 0, 0, 0, 0, 0, 0, '2026-02-11T18:53:17.757Z', '2026-02-11T18:53:17.757Z');
INSERT INTO "pg_stat_statements" ("userid", "dbid", "toplevel", "queryid", "query", "plans", "total_plan_time", "min_plan_time", "max_plan_time", "mean_plan_time", "stddev_plan_time", "calls", "total_exec_time", "min_exec_time", "max_exec_time", "mean_exec_time", "stddev_exec_time", "rows", "shared_blks_hit", "shared_blks_read", "shared_blks_dirtied", "shared_blks_written", "local_blks_hit", "local_blks_read", "local_blks_dirtied", "local_blks_written", "temp_blks_read", "temp_blks_written", "shared_blk_read_time", "shared_blk_write_time", "local_blk_read_time", "local_blk_write_time", "temp_blk_read_time", "temp_blk_write_time", "wal_records", "wal_fpi", "wal_bytes", "jit_functions", "jit_generation_time", "jit_inlining_count", "jit_inlining_time", "jit_optimization_count", "jit_optimization_time", "jit_emission_count", "jit_emission_time", "jit_deform_count", "jit_deform_time", "stats_since", "minmax_stats_since") VALUES (16387, 5, true, -4851161559417482319, 'SELECT COUNT(*) FROM (SELECT "public"."payload_locked_documents_rels"."id" FROM "public"."payload_locked_documents_rels" WHERE $2=$3 OFFSET $1) AS "sub"', 0, 0, 0, 0, 0, 0, 2, 0.024120000000000003, 0.01005, 0.014070000000000001, 0.012060000000000001, 0.00201, 2, 2, 0, 0, 0, 0, 0, 0, 0, 0, 0, 0, 0, 0, 0, 0, 0, 0, 0, '"0"', 0, 0, 0, 0, 0, 0, 0, 0, 0, 0, '2026-02-11T18:37:59.890Z', '2026-02-11T18:37:59.890Z');
INSERT INTO "pg_stat_statements" ("userid", "dbid", "toplevel", "queryid", "query", "plans", "total_plan_time", "min_plan_time", "max_plan_time", "mean_plan_time", "stddev_plan_time", "calls", "total_exec_time", "min_exec_time", "max_exec_time", "mean_exec_time", "stddev_exec_time", "rows", "shared_blks_hit", "shared_blks_read", "shared_blks_dirtied", "shared_blks_written", "local_blks_hit", "local_blks_read", "local_blks_dirtied", "local_blks_written", "temp_blks_read", "temp_blks_written", "shared_blk_read_time", "shared_blk_write_time", "local_blk_read_time", "local_blk_write_time", "temp_blk_read_time", "temp_blk_write_time", "wal_records", "wal_fpi", "wal_bytes", "jit_functions", "jit_generation_time", "jit_inlining_count", "jit_inlining_time", "jit_optimization_count", "jit_optimization_time", "jit_emission_count", "jit_emission_time", "jit_deform_count", "jit_deform_time", "stats_since", "minmax_stats_since") VALUES (16387, 5, true, -417846572628134687, 'select "business_partners"."id", "business_partners"."tenant_id", "business_partners"."logo_id", "business_partners"."website", "business_partners"."order", "business_partners"."updated_at", "business_partners"."created_at", "business_partners__locales"."data" as "_locales" from "business_partners" "business_partners" left join lateral (select coalesce(json_agg(json_build_array("business_partners__locales"."name", "business_partners__locales"."_locale")), $3::json) as "data" from "business_partners_locales" "business_partners__locales" where "business_partners__locales"."_parent_id" = "business_partners"."id") "business_partners__locales" on $4 where "business_partners"."tenant_id" = $1 order by "business_partners"."order" asc, "business_partners"."created_at" desc limit $2', 0, 0, 0, 0, 0, 0, 34, 9.543235, 0.01183, 6.326986, 0.2806833823529411, 1.0737576828101236, 27, 201, 0, 0, 0, 0, 0, 0, 0, 0, 0, 0, 0, 0, 0, 0, 0, 0, 0, '"0"', 0, 0, 0, 0, 0, 0, 0, 0, 0, 0, '2026-02-11T17:27:35.396Z', '2026-02-11T17:27:35.396Z');
INSERT INTO "pg_stat_statements" ("userid", "dbid", "toplevel", "queryid", "query", "plans", "total_plan_time", "min_plan_time", "max_plan_time", "mean_plan_time", "stddev_plan_time", "calls", "total_exec_time", "min_exec_time", "max_exec_time", "mean_exec_time", "stddev_exec_time", "rows", "shared_blks_hit", "shared_blks_read", "shared_blks_dirtied", "shared_blks_written", "local_blks_hit", "local_blks_read", "local_blks_dirtied", "local_blks_written", "temp_blks_read", "temp_blks_written", "shared_blk_read_time", "shared_blk_write_time", "local_blk_read_time", "local_blk_write_time", "temp_blk_read_time", "temp_blk_write_time", "wal_records", "wal_fpi", "wal_bytes", "jit_functions", "jit_generation_time", "jit_inlining_count", "jit_inlining_time", "jit_optimization_count", "jit_optimization_time", "jit_emission_count", "jit_emission_time", "jit_deform_count", "jit_deform_time", "stats_since", "minmax_stats_since") VALUES (16387, 5, true, 2651326322592368206, 'SELECT "public"."about_business"."id", "public"."about_business"."updated_at", "public"."about_business"."created_at", "public"."about_business"."tenant_id" FROM "public"."about_business" WHERE $3=$4 ORDER BY "public"."about_business"."id" ASC LIMIT $1 OFFSET $2', 0, 0, 0, 0, 0, 0, 1, 0.06436, 0.06436, 0.06436, 0.06436, 0, 1, 2, 0, 0, 0, 0, 0, 0, 0, 0, 0, 0, 0, 0, 0, 0, 0, 0, 0, '"0"', 0, 0, 0, 0, 0, 0, 0, 0, 0, 0, '2026-02-11T18:37:55.087Z', '2026-02-11T18:37:55.087Z');
INSERT INTO "pg_stat_statements" ("userid", "dbid", "toplevel", "queryid", "query", "plans", "total_plan_time", "min_plan_time", "max_plan_time", "mean_plan_time", "stddev_plan_time", "calls", "total_exec_time", "min_exec_time", "max_exec_time", "mean_exec_time", "stddev_exec_time", "rows", "shared_blks_hit", "shared_blks_read", "shared_blks_dirtied", "shared_blks_written", "local_blks_hit", "local_blks_read", "local_blks_dirtied", "local_blks_written", "temp_blks_read", "temp_blks_written", "shared_blk_read_time", "shared_blk_write_time", "local_blk_read_time", "local_blk_write_time", "temp_blk_read_time", "temp_blk_write_time", "wal_records", "wal_fpi", "wal_bytes", "jit_functions", "jit_generation_time", "jit_inlining_count", "jit_inlining_time", "jit_optimization_count", "jit_optimization_time", "jit_emission_count", "jit_emission_time", "jit_deform_count", "jit_deform_time", "stats_since", "minmax_stats_since") VALUES (16387, 5, true, 9141916187185635492, 'SELECT $1 || table_name || $2 ||
                string_agg($3 || column_name || $4 || 
                    data_type || 
                    CASE 
                        WHEN character_maximum_length IS NOT NULL 
                        THEN $5 || character_maximum_length || $6
                        ELSE $7
                    END ||
                    CASE 
                        WHEN is_nullable = $8 THEN $9
                        ELSE $10
                    END ||
                    CASE 
                        WHEN column_default IS NOT NULL 
                        THEN $11 || column_default
                        ELSE $12
                    END, $13) ||
                $14 as create_statement
            FROM information_schema.columns 
            WHERE table_name = $15
            GROUP BY table_name', 0, 0, 0, 0, 0, 0, 34, 28.304769999999998, 0.31629999999999997, 3.653278, 0.8324932352941178, 0.6899824004019344, 34, 4746, 0, 0, 0, 0, 0, 0, 0, 0, 0, 0, 0, 0, 0, 0, 0, 0, 0, '"0"', 0, 0, 0, 0, 0, 0, 0, 0, 0, 0, '2026-02-11T18:52:59.948Z', '2026-02-11T18:52:59.948Z');
INSERT INTO "pg_stat_statements" ("userid", "dbid", "toplevel", "queryid", "query", "plans", "total_plan_time", "min_plan_time", "max_plan_time", "mean_plan_time", "stddev_plan_time", "calls", "total_exec_time", "min_exec_time", "max_exec_time", "mean_exec_time", "stddev_exec_time", "rows", "shared_blks_hit", "shared_blks_read", "shared_blks_dirtied", "shared_blks_written", "local_blks_hit", "local_blks_read", "local_blks_dirtied", "local_blks_written", "temp_blks_read", "temp_blks_written", "shared_blk_read_time", "shared_blk_write_time", "local_blk_read_time", "local_blk_write_time", "temp_blk_read_time", "temp_blk_write_time", "wal_records", "wal_fpi", "wal_bytes", "jit_functions", "jit_generation_time", "jit_inlining_count", "jit_inlining_time", "jit_optimization_count", "jit_optimization_time", "jit_emission_count", "jit_emission_time", "jit_deform_count", "jit_deform_time", "stats_since", "minmax_stats_since") VALUES (16387, 5, true, -3553782828404073859, 'select "image_galleries"."id", "image_galleries"."tenant_id", "image_galleries"."autoplay", "image_galleries"."autoplay_delay", "image_galleries"."updated_at", "image_galleries"."created_at", "image_galleries_images"."data" as "images" from "image_galleries" "image_galleries" left join lateral (select coalesce(json_agg(json_build_array("image_galleries_images"."_order", "image_galleries_images"."id", "image_galleries_images"."image_id") order by "image_galleries_images"."_order" asc), $3::json) as "data" from (select * from "image_galleries_images" "image_galleries_images" where "image_galleries_images"."_parent_id" = "image_galleries"."id" order by "image_galleries_images"."_order" asc) "image_galleries_images") "image_galleries_images" on $4 where "image_galleries"."tenant_id" = $1 order by "image_galleries"."created_at" desc limit $2', 0, 0, 0, 0, 0, 0, 33, 5.308957000000002, 0.01867, 2.200848, 0.16087748484848483, 0.36983204974183864, 26, 204, 0, 0, 0, 0, 0, 0, 0, 0, 0, 0, 0, 0, 0, 0, 0, 0, 0, '"0"', 0, 0, 0, 0, 0, 0, 0, 0, 0, 0, '2026-02-11T17:27:35.436Z', '2026-02-11T17:27:35.436Z');
INSERT INTO "pg_stat_statements" ("userid", "dbid", "toplevel", "queryid", "query", "plans", "total_plan_time", "min_plan_time", "max_plan_time", "mean_plan_time", "stddev_plan_time", "calls", "total_exec_time", "min_exec_time", "max_exec_time", "mean_exec_time", "stddev_exec_time", "rows", "shared_blks_hit", "shared_blks_read", "shared_blks_dirtied", "shared_blks_written", "local_blks_hit", "local_blks_read", "local_blks_dirtied", "local_blks_written", "temp_blks_read", "temp_blks_written", "shared_blk_read_time", "shared_blk_write_time", "local_blk_read_time", "local_blk_write_time", "temp_blk_read_time", "temp_blk_write_time", "wal_records", "wal_fpi", "wal_bytes", "jit_functions", "jit_generation_time", "jit_inlining_count", "jit_inlining_time", "jit_optimization_count", "jit_optimization_time", "jit_emission_count", "jit_emission_time", "jit_deform_count", "jit_deform_time", "stats_since", "minmax_stats_since") VALUES (16387, 5, true, -3599392184782689984, 'SELECT
                oid.namespace,
                info.table_name,
                info.column_name,
                format_type(att.atttypid, att.atttypmod) as formatted_type,
                info.numeric_precision,
                info.numeric_scale,
                info.numeric_precision_radix,
                info.datetime_precision,
                info.data_type,
                info.udt_schema as type_schema_name,
                info.udt_name as full_data_type,
                pg_get_expr(attdef.adbin, attdef.adrelid) AS column_default,
                info.is_nullable,
                info.is_identity,
                info.character_maximum_length,
                col_description(att.attrelid, ordinal_position) AS description
            FROM information_schema.columns info
            JOIN pg_attribute att ON att.attname = info.column_name
            JOIN (
                 SELECT pg_class.oid, relname, pg_namespace.nspname as namespace
                 FROM pg_class
                 JOIN pg_namespace on pg_namespace.oid = pg_class.relnamespace
                 AND pg_namespace.nspname = ANY ( $1 )
                 WHERE reltype > $2
                ) as oid on oid.oid = att.attrelid 
                  AND relname = info.table_name
                  AND namespace = info.table_schema
            LEFT OUTER JOIN pg_attrdef attdef ON attdef.adrelid = att.attrelid AND attdef.adnum = att.attnum AND table_schema = namespace
            WHERE table_schema = ANY ( $1 ) 
            ORDER BY namespace, table_name, ordinal_position', 0, 0, 0, 0, 0, 0, 1, 75.077419, 75.077419, 75.077419, 75.077419, 0, 300, 5039, 0, 4, 0, 0, 0, 0, 0, 0, 0, 0, 0, 0, 0, 0, 0, 1, 1, '"5737"', 0, 0, 0, 0, 0, 0, 0, 0, 0, 0, '2026-02-11T18:32:37.077Z', '2026-02-11T18:32:37.077Z');
INSERT INTO "pg_stat_statements" ("userid", "dbid", "toplevel", "queryid", "query", "plans", "total_plan_time", "min_plan_time", "max_plan_time", "mean_plan_time", "stddev_plan_time", "calls", "total_exec_time", "min_exec_time", "max_exec_time", "mean_exec_time", "stddev_exec_time", "rows", "shared_blks_hit", "shared_blks_read", "shared_blks_dirtied", "shared_blks_written", "local_blks_hit", "local_blks_read", "local_blks_dirtied", "local_blks_written", "temp_blks_read", "temp_blks_written", "shared_blk_read_time", "shared_blk_write_time", "local_blk_read_time", "local_blk_write_time", "temp_blk_read_time", "temp_blk_write_time", "wal_records", "wal_fpi", "wal_bytes", "jit_functions", "jit_generation_time", "jit_inlining_count", "jit_inlining_time", "jit_optimization_count", "jit_optimization_time", "jit_emission_count", "jit_emission_time", "jit_deform_count", "jit_deform_time", "stats_since", "minmax_stats_since") VALUES (16387, 5, true, 5846204879979634471, 'SELECT COUNT(*) FROM (SELECT "public"."about_business"."id" FROM "public"."about_business" WHERE $2=$3 OFFSET $1) AS "sub"', 0, 0, 0, 0, 0, 0, 3, 0.06638, 0.01697, 0.029079999999999998, 0.022126666666666666, 0.005104509988453565, 3, 3, 0, 0, 0, 0, 0, 0, 0, 0, 0, 0, 0, 0, 0, 0, 0, 0, 0, '"0"', 0, 0, 0, 0, 0, 0, 0, 0, 0, 0, '2026-02-11T18:37:54.340Z', '2026-02-11T18:37:54.340Z');
INSERT INTO "pg_stat_statements" ("userid", "dbid", "toplevel", "queryid", "query", "plans", "total_plan_time", "min_plan_time", "max_plan_time", "mean_plan_time", "stddev_plan_time", "calls", "total_exec_time", "min_exec_time", "max_exec_time", "mean_exec_time", "stddev_exec_time", "rows", "shared_blks_hit", "shared_blks_read", "shared_blks_dirtied", "shared_blks_written", "local_blks_hit", "local_blks_read", "local_blks_dirtied", "local_blks_written", "temp_blks_read", "temp_blks_written", "shared_blk_read_time", "shared_blk_write_time", "local_blk_read_time", "local_blk_write_time", "temp_blk_read_time", "temp_blk_write_time", "wal_records", "wal_fpi", "wal_bytes", "jit_functions", "jit_generation_time", "jit_inlining_count", "jit_inlining_time", "jit_optimization_count", "jit_optimization_time", "jit_emission_count", "jit_emission_time", "jit_deform_count", "jit_deform_time", "stats_since", "minmax_stats_since") VALUES (16387, 5, true, -7334218897271180285, 'select distinct "payload_preferences"."id", "payload_preferences"."created_at", "payload_preferences"."created_at" from "payload_preferences" left join "payload_preferences_rels" "b7faa49c_39f4_4aa3_bd0d_6e0d55802bb7" on ("payload_preferences"."id" = "b7faa49c_39f4_4aa3_bd0d_6e0d55802bb7"."parent_id" and "b7faa49c_39f4_4aa3_bd0d_6e0d55802bb7"."path" like $1) where ("payload_preferences"."key" = $2 and "b7faa49c_39f4_4aa3_bd0d_6e0d55802bb7"."users_id" is not null and "b7faa49c_39f4_4aa3_bd0d_6e0d55802bb7"."users_id" = $3) order by "payload_preferences"."created_at" desc limit $4', 0, 0, 0, 0, 0, 0, 26, 1.2593190000000003, 0.02322, 0.10178899999999999, 0.048435346153846155, 0.017647659615899185, 21, 91, 0, 0, 0, 0, 0, 0, 0, 0, 0, 0, 0, 0, 0, 0, 0, 0, 0, '"0"', 0, 0, 0, 0, 0, 0, 0, 0, 0, 0, '2026-02-11T17:47:51.453Z', '2026-02-11T17:47:51.453Z');
INSERT INTO "pg_stat_statements" ("userid", "dbid", "toplevel", "queryid", "query", "plans", "total_plan_time", "min_plan_time", "max_plan_time", "mean_plan_time", "stddev_plan_time", "calls", "total_exec_time", "min_exec_time", "max_exec_time", "mean_exec_time", "stddev_exec_time", "rows", "shared_blks_hit", "shared_blks_read", "shared_blks_dirtied", "shared_blks_written", "local_blks_hit", "local_blks_read", "local_blks_dirtied", "local_blks_written", "temp_blks_read", "temp_blks_written", "shared_blk_read_time", "shared_blk_write_time", "local_blk_read_time", "local_blk_write_time", "temp_blk_read_time", "temp_blk_write_time", "wal_records", "wal_fpi", "wal_bytes", "jit_functions", "jit_generation_time", "jit_inlining_count", "jit_inlining_time", "jit_optimization_count", "jit_optimization_time", "jit_emission_count", "jit_emission_time", "jit_deform_count", "jit_deform_time", "stats_since", "minmax_stats_since") VALUES (16387, 5, true, 1597984575699505156, 'SELECT COUNT(*) FROM (SELECT "public"."business_profile"."id" FROM "public"."business_profile" WHERE $2=$3 OFFSET $1) AS "sub"', 0, 0, 0, 0, 0, 0, 2, 0.03875, 0.0149, 0.02385, 0.019375, 0.004475, 2, 2, 0, 0, 0, 0, 0, 0, 0, 0, 0, 0, 0, 0, 0, 0, 0, 0, 0, '"0"', 0, 0, 0, 0, 0, 0, 0, 0, 0, 0, '2026-02-11T18:37:56.052Z', '2026-02-11T18:37:56.052Z');
INSERT INTO "pg_stat_statements" ("userid", "dbid", "toplevel", "queryid", "query", "plans", "total_plan_time", "min_plan_time", "max_plan_time", "mean_plan_time", "stddev_plan_time", "calls", "total_exec_time", "min_exec_time", "max_exec_time", "mean_exec_time", "stddev_exec_time", "rows", "shared_blks_hit", "shared_blks_read", "shared_blks_dirtied", "shared_blks_written", "local_blks_hit", "local_blks_read", "local_blks_dirtied", "local_blks_written", "temp_blks_read", "temp_blks_written", "shared_blk_read_time", "shared_blk_write_time", "local_blk_read_time", "local_blk_write_time", "temp_blk_read_time", "temp_blk_write_time", "wal_records", "wal_fpi", "wal_bytes", "jit_functions", "jit_generation_time", "jit_inlining_count", "jit_inlining_time", "jit_optimization_count", "jit_optimization_time", "jit_emission_count", "jit_emission_time", "jit_deform_count", "jit_deform_time", "stats_since", "minmax_stats_since") VALUES (16387, 5, true, 4635305811070827019, 'SELECT COUNT(*) FROM (SELECT "public"."business_services"."id" FROM "public"."business_services" WHERE $2=$3 OFFSET $1) AS "sub"', 0, 0, 0, 0, 0, 0, 2, 0.02784, 0.012480000000000002, 0.015359999999999999, 0.01392, 0.0014399999999999986, 2, 2, 0, 0, 0, 0, 0, 0, 0, 0, 0, 0, 0, 0, 0, 0, 0, 0, 0, '"0"', 0, 0, 0, 0, 0, 0, 0, 0, 0, 0, '2026-02-11T18:37:56.656Z', '2026-02-11T18:37:56.656Z');
INSERT INTO "pg_stat_statements" ("userid", "dbid", "toplevel", "queryid", "query", "plans", "total_plan_time", "min_plan_time", "max_plan_time", "mean_plan_time", "stddev_plan_time", "calls", "total_exec_time", "min_exec_time", "max_exec_time", "mean_exec_time", "stddev_exec_time", "rows", "shared_blks_hit", "shared_blks_read", "shared_blks_dirtied", "shared_blks_written", "local_blks_hit", "local_blks_read", "local_blks_dirtied", "local_blks_written", "temp_blks_read", "temp_blks_written", "shared_blk_read_time", "shared_blk_write_time", "local_blk_read_time", "local_blk_write_time", "temp_blk_read_time", "temp_blk_write_time", "wal_records", "wal_fpi", "wal_bytes", "jit_functions", "jit_generation_time", "jit_inlining_count", "jit_inlining_time", "jit_optimization_count", "jit_optimization_time", "jit_emission_count", "jit_emission_time", "jit_deform_count", "jit_deform_time", "stats_since", "minmax_stats_since") VALUES (10, 5, true, -3013014313816231106, 'SELECT SUM(reads)::BIGINT AS reads, SUM(writes)::BIGINT AS writes, SUM(COALESCE(extends, $1))::BIGINT AS extends FROM pg_stat_io', 0, 0, 0, 0, 0, 0, 57, 4.375177000000002, 0.04496, 0.23849, 0.07675749122807018, 0.025793943374585567, 57, 0, 0, 0, 0, 0, 0, 0, 0, 0, 0, 0, 0, 0, 0, 0, 0, 0, 0, '"0"', 0, 0, 0, 0, 0, 0, 0, 0, 0, 0, '2026-02-11T17:12:31.850Z', '2026-02-11T17:12:31.850Z');
INSERT INTO "pg_stat_statements" ("userid", "dbid", "toplevel", "queryid", "query", "plans", "total_plan_time", "min_plan_time", "max_plan_time", "mean_plan_time", "stddev_plan_time", "calls", "total_exec_time", "min_exec_time", "max_exec_time", "mean_exec_time", "stddev_exec_time", "rows", "shared_blks_hit", "shared_blks_read", "shared_blks_dirtied", "shared_blks_written", "local_blks_hit", "local_blks_read", "local_blks_dirtied", "local_blks_written", "temp_blks_read", "temp_blks_written", "shared_blk_read_time", "shared_blk_write_time", "local_blk_read_time", "local_blk_write_time", "temp_blk_read_time", "temp_blk_write_time", "wal_records", "wal_fpi", "wal_bytes", "jit_functions", "jit_generation_time", "jit_inlining_count", "jit_inlining_time", "jit_optimization_count", "jit_optimization_time", "jit_emission_count", "jit_emission_time", "jit_deform_count", "jit_deform_time", "stats_since", "minmax_stats_since") VALUES (16387, 5, true, 5185388268750907434, 'SELECT version()', 0, 0, 0, 0, 0, 0, 1, 0.028730000000000002, 0.028730000000000002, 0.028730000000000002, 0.028730000000000002, 0, 1, 0, 0, 0, 0, 0, 0, 0, 0, 0, 0, 0, 0, 0, 0, 0, 0, 0, 0, '"0"', 0, 0, 0, 0, 0, 0, 0, 0, 0, 0, '2026-02-11T18:32:34.954Z', '2026-02-11T18:32:34.954Z');
INSERT INTO "pg_stat_statements" ("userid", "dbid", "toplevel", "queryid", "query", "plans", "total_plan_time", "min_plan_time", "max_plan_time", "mean_plan_time", "stddev_plan_time", "calls", "total_exec_time", "min_exec_time", "max_exec_time", "mean_exec_time", "stddev_exec_time", "rows", "shared_blks_hit", "shared_blks_read", "shared_blks_dirtied", "shared_blks_written", "local_blks_hit", "local_blks_read", "local_blks_dirtied", "local_blks_written", "temp_blks_read", "temp_blks_written", "shared_blk_read_time", "shared_blk_write_time", "local_blk_read_time", "local_blk_write_time", "temp_blk_read_time", "temp_blk_write_time", "wal_records", "wal_fpi", "wal_bytes", "jit_functions", "jit_generation_time", "jit_inlining_count", "jit_inlining_time", "jit_optimization_count", "jit_optimization_time", "jit_emission_count", "jit_emission_time", "jit_deform_count", "jit_deform_time", "stats_since", "minmax_stats_since") VALUES (10, 5, true, -6230237494649881655, 'SELECT pg_database_size(current_database())::BIGINT, SUM(pg_total_relation_size(relid))::BIGINT AS pg_total_relation_size FROM pg_stat_user_tables', 0, 0, 0, 0, 0, 0, 57, 4224.731523999999, 63.12598799999999, 98.864284, 74.11809691228072, 9.339938415216753, 57, 1931, 0, 0, 0, 0, 0, 0, 0, 0, 0, 0, 0, 0, 0, 0, 0, 0, 0, '"0"', 0, 0, 0, 0, 0, 0, 0, 0, 0, 0, '2026-02-11T17:12:31.849Z', '2026-02-11T17:12:31.849Z');
INSERT INTO "pg_stat_statements" ("userid", "dbid", "toplevel", "queryid", "query", "plans", "total_plan_time", "min_plan_time", "max_plan_time", "mean_plan_time", "stddev_plan_time", "calls", "total_exec_time", "min_exec_time", "max_exec_time", "mean_exec_time", "stddev_exec_time", "rows", "shared_blks_hit", "shared_blks_read", "shared_blks_dirtied", "shared_blks_written", "local_blks_hit", "local_blks_read", "local_blks_dirtied", "local_blks_written", "temp_blks_read", "temp_blks_written", "shared_blk_read_time", "shared_blk_write_time", "local_blk_read_time", "local_blk_write_time", "temp_blk_read_time", "temp_blk_write_time", "wal_records", "wal_fpi", "wal_bytes", "jit_functions", "jit_generation_time", "jit_inlining_count", "jit_inlining_time", "jit_optimization_count", "jit_optimization_time", "jit_emission_count", "jit_emission_time", "jit_deform_count", "jit_deform_time", "stats_since", "minmax_stats_since") VALUES (16387, 5, true, -8495388244024036940, 'SELECT * FROM "social_links"', 0, 0, 0, 0, 0, 0, 1, 0.031090000000000003, 0.031090000000000003, 0.031090000000000003, 0.031090000000000003, 0, 2, 1, 0, 0, 0, 0, 0, 0, 0, 0, 0, 0, 0, 0, 0, 0, 0, 0, 0, '"0"', 0, 0, 0, 0, 0, 0, 0, 0, 0, 0, '2026-02-11T18:53:22.056Z', '2026-02-11T18:53:22.056Z');
INSERT INTO "pg_stat_statements" ("userid", "dbid", "toplevel", "queryid", "query", "plans", "total_plan_time", "min_plan_time", "max_plan_time", "mean_plan_time", "stddev_plan_time", "calls", "total_exec_time", "min_exec_time", "max_exec_time", "mean_exec_time", "stddev_exec_time", "rows", "shared_blks_hit", "shared_blks_read", "shared_blks_dirtied", "shared_blks_written", "local_blks_hit", "local_blks_read", "local_blks_dirtied", "local_blks_written", "temp_blks_read", "temp_blks_written", "shared_blk_read_time", "shared_blk_write_time", "local_blk_read_time", "local_blk_write_time", "temp_blk_read_time", "temp_blk_write_time", "wal_records", "wal_fpi", "wal_bytes", "jit_functions", "jit_generation_time", "jit_inlining_count", "jit_inlining_time", "jit_optimization_count", "jit_optimization_time", "jit_emission_count", "jit_emission_time", "jit_deform_count", "jit_deform_time", "stats_since", "minmax_stats_since") VALUES (16387, 5, true, 4779130007606871207, 'SELECT EXISTS(SELECT $2 FROM pg_namespace WHERE nspname = $1), version(), current_setting($3)::integer as numeric_version', 0, 0, 0, 0, 0, 0, 1, 0.028419999999999997, 0.028419999999999997, 0.028419999999999997, 0.028419999999999997, 0, 1, 1, 0, 0, 0, 0, 0, 0, 0, 0, 0, 0, 0, 0, 0, 0, 0, 0, 0, '"0"', 0, 0, 0, 0, 0, 0, 0, 0, 0, 0, '2026-02-11T18:32:35.092Z', '2026-02-11T18:32:35.092Z');
INSERT INTO "pg_stat_statements" ("userid", "dbid", "toplevel", "queryid", "query", "plans", "total_plan_time", "min_plan_time", "max_plan_time", "mean_plan_time", "stddev_plan_time", "calls", "total_exec_time", "min_exec_time", "max_exec_time", "mean_exec_time", "stddev_exec_time", "rows", "shared_blks_hit", "shared_blks_read", "shared_blks_dirtied", "shared_blks_written", "local_blks_hit", "local_blks_read", "local_blks_dirtied", "local_blks_written", "temp_blks_read", "temp_blks_written", "shared_blk_read_time", "shared_blk_write_time", "local_blk_read_time", "local_blk_write_time", "temp_blk_read_time", "temp_blk_write_time", "wal_records", "wal_fpi", "wal_bytes", "jit_functions", "jit_generation_time", "jit_inlining_count", "jit_inlining_time", "jit_optimization_count", "jit_optimization_time", "jit_emission_count", "jit_emission_time", "jit_deform_count", "jit_deform_time", "stats_since", "minmax_stats_since") VALUES (16387, 5, true, -8543627696267220720, 'select count(*) from "tenants" where ("tenants"."slug" = $1 and "tenants"."_status" = $2)', 0, 0, 0, 0, 0, 0, 80, 9.671696999999995, 0.01464, 3.509568, 0.1208962125, 0.4096539533148282, 80, 118, 0, 0, 0, 0, 0, 0, 0, 0, 0, 0, 0, 0, 0, 0, 0, 0, 0, '"0"', 0, 0, 0, 0, 0, 0, 0, 0, 0, 0, '2026-02-11T17:27:35.306Z', '2026-02-11T17:27:35.306Z');
INSERT INTO "pg_stat_statements" ("userid", "dbid", "toplevel", "queryid", "query", "plans", "total_plan_time", "min_plan_time", "max_plan_time", "mean_plan_time", "stddev_plan_time", "calls", "total_exec_time", "min_exec_time", "max_exec_time", "mean_exec_time", "stddev_exec_time", "rows", "shared_blks_hit", "shared_blks_read", "shared_blks_dirtied", "shared_blks_written", "local_blks_hit", "local_blks_read", "local_blks_dirtied", "local_blks_written", "temp_blks_read", "temp_blks_written", "shared_blk_read_time", "shared_blk_write_time", "local_blk_read_time", "local_blk_write_time", "temp_blk_read_time", "temp_blk_write_time", "wal_records", "wal_fpi", "wal_bytes", "jit_functions", "jit_generation_time", "jit_inlining_count", "jit_inlining_time", "jit_optimization_count", "jit_optimization_time", "jit_emission_count", "jit_emission_time", "jit_deform_count", "jit_deform_time", "stats_since", "minmax_stats_since") VALUES (16387, 5, true, 5661781609703996939, 'select pg_stat_statements_reset() -- prisma:console;', 0, 0, 0, 0, 0, 0, 1, 0.967619, 0.967619, 0.967619, 0.967619, 0, 1, 0, 0, 0, 0, 0, 0, 0, 0, 0, 0, 0, 0, 0, 0, 0, 0, 0, 0, '"0"', 0, 0, 0, 0, 0, 0, 0, 0, 0, 0, '2026-02-11T17:12:29.564Z', '2026-02-11T17:12:29.564Z');
INSERT INTO "pg_stat_statements" ("userid", "dbid", "toplevel", "queryid", "query", "plans", "total_plan_time", "min_plan_time", "max_plan_time", "mean_plan_time", "stddev_plan_time", "calls", "total_exec_time", "min_exec_time", "max_exec_time", "mean_exec_time", "stddev_exec_time", "rows", "shared_blks_hit", "shared_blks_read", "shared_blks_dirtied", "shared_blks_written", "local_blks_hit", "local_blks_read", "local_blks_dirtied", "local_blks_written", "temp_blks_read", "temp_blks_written", "shared_blk_read_time", "shared_blk_write_time", "local_blk_read_time", "local_blk_write_time", "temp_blk_read_time", "temp_blk_write_time", "wal_records", "wal_fpi", "wal_bytes", "jit_functions", "jit_generation_time", "jit_inlining_count", "jit_inlining_time", "jit_optimization_count", "jit_optimization_time", "jit_emission_count", "jit_emission_time", "jit_deform_count", "jit_deform_time", "stats_since", "minmax_stats_since") VALUES (16387, 5, true, 5847932369259655122, 'SELECT "public"."about_business"."id", "public"."about_business"."updated_at", "public"."about_business"."created_at", "public"."about_business"."tenant_id" FROM "public"."about_business" WHERE "public"."about_business"."id" IN ($1) OFFSET $2', 0, 0, 0, 0, 0, 0, 1, 0.042039999999999994, 0.042039999999999994, 0.042039999999999994, 0.042039999999999994, 0, 1, 2, 0, 0, 0, 0, 0, 0, 0, 0, 0, 0, 0, 0, 0, 0, 0, 0, 0, '"0"', 0, 0, 0, 0, 0, 0, 0, 0, 0, 0, '2026-02-11T18:38:19.715Z', '2026-02-11T18:38:19.715Z');
INSERT INTO "pg_stat_statements" ("userid", "dbid", "toplevel", "queryid", "query", "plans", "total_plan_time", "min_plan_time", "max_plan_time", "mean_plan_time", "stddev_plan_time", "calls", "total_exec_time", "min_exec_time", "max_exec_time", "mean_exec_time", "stddev_exec_time", "rows", "shared_blks_hit", "shared_blks_read", "shared_blks_dirtied", "shared_blks_written", "local_blks_hit", "local_blks_read", "local_blks_dirtied", "local_blks_written", "temp_blks_read", "temp_blks_written", "shared_blk_read_time", "shared_blk_write_time", "local_blk_read_time", "local_blk_write_time", "temp_blk_read_time", "temp_blk_write_time", "wal_records", "wal_fpi", "wal_bytes", "jit_functions", "jit_generation_time", "jit_inlining_count", "jit_inlining_time", "jit_optimization_count", "jit_optimization_time", "jit_emission_count", "jit_emission_time", "jit_deform_count", "jit_deform_time", "stats_since", "minmax_stats_since") VALUES (16387, 5, true, 5529890659391374753, 'SELECT "public"."payload_locked_documents_rels"."id", "public"."payload_locked_documents_rels"."about_business_id" FROM "public"."payload_locked_documents_rels" WHERE "public"."payload_locked_documents_rels"."about_business_id" IN ($1) OFFSET $2', 0, 0, 0, 0, 0, 0, 1, 0.02105, 0.02105, 0.02105, 0.02105, 0, 0, 1, 0, 0, 0, 0, 0, 0, 0, 0, 0, 0, 0, 0, 0, 0, 0, 0, 0, '"0"', 0, 0, 0, 0, 0, 0, 0, 0, 0, 0, '2026-02-11T18:37:56.106Z', '2026-02-11T18:37:56.106Z');
INSERT INTO "pg_stat_statements" ("userid", "dbid", "toplevel", "queryid", "query", "plans", "total_plan_time", "min_plan_time", "max_plan_time", "mean_plan_time", "stddev_plan_time", "calls", "total_exec_time", "min_exec_time", "max_exec_time", "mean_exec_time", "stddev_exec_time", "rows", "shared_blks_hit", "shared_blks_read", "shared_blks_dirtied", "shared_blks_written", "local_blks_hit", "local_blks_read", "local_blks_dirtied", "local_blks_written", "temp_blks_read", "temp_blks_written", "shared_blk_read_time", "shared_blk_write_time", "local_blk_read_time", "local_blk_write_time", "temp_blk_read_time", "temp_blk_write_time", "wal_records", "wal_fpi", "wal_bytes", "jit_functions", "jit_generation_time", "jit_inlining_count", "jit_inlining_time", "jit_optimization_count", "jit_optimization_time", "jit_emission_count", "jit_emission_time", "jit_deform_count", "jit_deform_time", "stats_since", "minmax_stats_since") VALUES (16387, 5, true, -1426969520104648878, 'SELECT COUNT(*) FROM (SELECT "public"."payload_preferences"."id" FROM "public"."payload_preferences" WHERE $2=$3 OFFSET $1) AS "sub"', 0, 0, 0, 0, 0, 0, 2, 0.03221, 0.01433, 0.01788, 0.016105, 0.001775, 2, 2, 0, 0, 0, 0, 0, 0, 0, 0, 0, 0, 0, 0, 0, 0, 0, 0, 0, '"0"', 0, 0, 0, 0, 0, 0, 0, 0, 0, 0, '2026-02-11T18:38:00.453Z', '2026-02-11T18:38:00.453Z');
INSERT INTO "pg_stat_statements" ("userid", "dbid", "toplevel", "queryid", "query", "plans", "total_plan_time", "min_plan_time", "max_plan_time", "mean_plan_time", "stddev_plan_time", "calls", "total_exec_time", "min_exec_time", "max_exec_time", "mean_exec_time", "stddev_exec_time", "rows", "shared_blks_hit", "shared_blks_read", "shared_blks_dirtied", "shared_blks_written", "local_blks_hit", "local_blks_read", "local_blks_dirtied", "local_blks_written", "temp_blks_read", "temp_blks_written", "shared_blk_read_time", "shared_blk_write_time", "local_blk_read_time", "local_blk_write_time", "temp_blk_read_time", "temp_blk_write_time", "wal_records", "wal_fpi", "wal_bytes", "jit_functions", "jit_generation_time", "jit_inlining_count", "jit_inlining_time", "jit_optimization_count", "jit_optimization_time", "jit_emission_count", "jit_emission_time", "jit_deform_count", "jit_deform_time", "stats_since", "minmax_stats_since") VALUES (16387, 5, true, -8839784025226437398, 'select b.oid, b.typarray
      from pg_catalog.pg_type a
      left join pg_catalog.pg_type b on b.oid = a.typelem
      where a.typcategory = $1
      group by b.oid, b.typarray
      order by b.oid', 0, 0, 0, 0, 0, 0, 2, 0.72831, 0.34641, 0.3819, 0.364155, 0.01774500000000001, 672, 74, 0, 0, 0, 0, 0, 0, 0, 0, 0, 0, 0, 0, 0, 0, 0, 0, 0, '"0"', 0, 0, 0, 0, 0, 0, 0, 0, 0, 0, '2026-02-11T17:12:29.756Z', '2026-02-11T17:12:29.756Z');
INSERT INTO "pg_stat_statements" ("userid", "dbid", "toplevel", "queryid", "query", "plans", "total_plan_time", "min_plan_time", "max_plan_time", "mean_plan_time", "stddev_plan_time", "calls", "total_exec_time", "min_exec_time", "max_exec_time", "mean_exec_time", "stddev_exec_time", "rows", "shared_blks_hit", "shared_blks_read", "shared_blks_dirtied", "shared_blks_written", "local_blks_hit", "local_blks_read", "local_blks_dirtied", "local_blks_written", "temp_blks_read", "temp_blks_written", "shared_blk_read_time", "shared_blk_write_time", "local_blk_read_time", "local_blk_write_time", "temp_blk_read_time", "temp_blk_write_time", "wal_records", "wal_fpi", "wal_bytes", "jit_functions", "jit_generation_time", "jit_inlining_count", "jit_inlining_time", "jit_optimization_count", "jit_optimization_time", "jit_emission_count", "jit_emission_time", "jit_deform_count", "jit_deform_time", "stats_since", "minmax_stats_since") VALUES (16387, 5, true, -933028480779787485, 'SELECT * FROM "payload_migrations"', 0, 0, 0, 0, 0, 0, 1, 0.0245, 0.0245, 0.0245, 0.0245, 0, 11, 1, 0, 0, 0, 0, 0, 0, 0, 0, 0, 0, 0, 0, 0, 0, 0, 0, 0, '"0"', 0, 0, 0, 0, 0, 0, 0, 0, 0, 0, '2026-02-11T18:53:15.557Z', '2026-02-11T18:53:15.557Z');
INSERT INTO "pg_stat_statements" ("userid", "dbid", "toplevel", "queryid", "query", "plans", "total_plan_time", "min_plan_time", "max_plan_time", "mean_plan_time", "stddev_plan_time", "calls", "total_exec_time", "min_exec_time", "max_exec_time", "mean_exec_time", "stddev_exec_time", "rows", "shared_blks_hit", "shared_blks_read", "shared_blks_dirtied", "shared_blks_written", "local_blks_hit", "local_blks_read", "local_blks_dirtied", "local_blks_written", "temp_blks_read", "temp_blks_written", "shared_blk_read_time", "shared_blk_write_time", "local_blk_read_time", "local_blk_write_time", "temp_blk_read_time", "temp_blk_write_time", "wal_records", "wal_fpi", "wal_bytes", "jit_functions", "jit_generation_time", "jit_inlining_count", "jit_inlining_time", "jit_optimization_count", "jit_optimization_time", "jit_emission_count", "jit_emission_time", "jit_deform_count", "jit_deform_time", "stats_since", "minmax_stats_since") VALUES (16387, 5, true, 8180794486436932046, 'select count(*) from "business_themes" where "business_themes"."tenant_id" = $1', 0, 0, 0, 0, 0, 0, 35, 3.364408, 0.01715, 0.4361, 0.09612594285714285, 0.08726489556122222, 35, 63, 0, 0, 0, 0, 0, 0, 0, 0, 0, 0, 0, 0, 0, 0, 0, 0, 0, '"0"', 0, 0, 0, 0, 0, 0, 0, 0, 0, 0, '2026-02-11T17:27:35.420Z', '2026-02-11T17:27:35.420Z');
INSERT INTO "pg_stat_statements" ("userid", "dbid", "toplevel", "queryid", "query", "plans", "total_plan_time", "min_plan_time", "max_plan_time", "mean_plan_time", "stddev_plan_time", "calls", "total_exec_time", "min_exec_time", "max_exec_time", "mean_exec_time", "stddev_exec_time", "rows", "shared_blks_hit", "shared_blks_read", "shared_blks_dirtied", "shared_blks_written", "local_blks_hit", "local_blks_read", "local_blks_dirtied", "local_blks_written", "temp_blks_read", "temp_blks_written", "shared_blk_read_time", "shared_blk_write_time", "local_blk_read_time", "local_blk_write_time", "temp_blk_read_time", "temp_blk_write_time", "wal_records", "wal_fpi", "wal_bytes", "jit_functions", "jit_generation_time", "jit_inlining_count", "jit_inlining_time", "jit_optimization_count", "jit_optimization_time", "jit_emission_count", "jit_emission_time", "jit_deform_count", "jit_deform_time", "stats_since", "minmax_stats_since") VALUES (16387, 5, true, 5510291889247528735, 'select "id", "tenant_id", "alt", "updated_at", "created_at", "url", "thumbnail_u_r_l", "filename", "mime_type", "filesize", "width", "height", "focal_x", "focal_y", "sizes_thumbnail_url", "sizes_thumbnail_width", "sizes_thumbnail_height", "sizes_thumbnail_mime_type", "sizes_thumbnail_filesize", "sizes_thumbnail_filename", "sizes_square_url", "sizes_square_width", "sizes_square_height", "sizes_square_mime_type", "sizes_square_filesize", "sizes_square_filename", "sizes_small_url", "sizes_small_width", "sizes_small_height", "sizes_small_mime_type", "sizes_small_filesize", "sizes_small_filename", "sizes_medium_url", "sizes_medium_width", "sizes_medium_height", "sizes_medium_mime_type", "sizes_medium_filesize", "sizes_medium_filename", "sizes_large_url", "sizes_large_width", "sizes_large_height", "sizes_large_mime_type", "sizes_large_filesize", "sizes_large_filename", "sizes_xlarge_url", "sizes_xlarge_width", "sizes_xlarge_height", "sizes_xlarge_mime_type", "sizes_xlarge_filesize", "sizes_xlarge_filename" from "media" "media" where "media"."id" in ($1, $2) order by "media"."created_at" desc', 0, 0, 0, 0, 0, 0, 25, 0.8599290000000002, 0.02192, 0.08172, 0.034397159999999996, 0.01168825232335442, 50, 50, 0, 0, 0, 0, 0, 0, 0, 0, 0, 0, 0, 0, 0, 0, 0, 0, 0, '"0"', 0, 0, 0, 0, 0, 0, 0, 0, 0, 0, '2026-02-11T17:33:10.376Z', '2026-02-11T17:33:10.376Z');
INSERT INTO "pg_stat_statements" ("userid", "dbid", "toplevel", "queryid", "query", "plans", "total_plan_time", "min_plan_time", "max_plan_time", "mean_plan_time", "stddev_plan_time", "calls", "total_exec_time", "min_exec_time", "max_exec_time", "mean_exec_time", "stddev_exec_time", "rows", "shared_blks_hit", "shared_blks_read", "shared_blks_dirtied", "shared_blks_written", "local_blks_hit", "local_blks_read", "local_blks_dirtied", "local_blks_written", "temp_blks_read", "temp_blks_written", "shared_blk_read_time", "shared_blk_write_time", "local_blk_read_time", "local_blk_write_time", "temp_blk_read_time", "temp_blk_write_time", "wal_records", "wal_fpi", "wal_bytes", "jit_functions", "jit_generation_time", "jit_inlining_count", "jit_inlining_time", "jit_optimization_count", "jit_optimization_time", "jit_emission_count", "jit_emission_time", "jit_deform_count", "jit_deform_time", "stats_since", "minmax_stats_since") VALUES (16387, 5, true, -8459845103125657413, 'SELECT * FROM "business_services_locales"', 0, 0, 0, 0, 0, 0, 1, 0.07195, 0.07195, 0.07195, 0.07195, 0, 10, 5, 0, 0, 0, 0, 0, 0, 0, 0, 0, 0, 0, 0, 0, 0, 0, 0, 0, '"0"', 0, 0, 0, 0, 0, 0, 0, 0, 0, 0, '2026-02-11T18:53:13.965Z', '2026-02-11T18:53:13.965Z');
INSERT INTO "pg_stat_statements" ("userid", "dbid", "toplevel", "queryid", "query", "plans", "total_plan_time", "min_plan_time", "max_plan_time", "mean_plan_time", "stddev_plan_time", "calls", "total_exec_time", "min_exec_time", "max_exec_time", "mean_exec_time", "stddev_exec_time", "rows", "shared_blks_hit", "shared_blks_read", "shared_blks_dirtied", "shared_blks_written", "local_blks_hit", "local_blks_read", "local_blks_dirtied", "local_blks_written", "temp_blks_read", "temp_blks_written", "shared_blk_read_time", "shared_blk_write_time", "local_blk_read_time", "local_blk_write_time", "temp_blk_read_time", "temp_blk_write_time", "wal_records", "wal_fpi", "wal_bytes", "jit_functions", "jit_generation_time", "jit_inlining_count", "jit_inlining_time", "jit_optimization_count", "jit_optimization_time", "jit_emission_count", "jit_emission_time", "jit_deform_count", "jit_deform_time", "stats_since", "minmax_stats_since") VALUES (16387, 5, true, 4548974169369101261, 'select "id", "name", "batch", "updated_at", "created_at" from "payload_migrations" "payload_migrations" order by "payload_migrations"."name" desc, "payload_migrations"."created_at" desc', 0, 0, 0, 0, 0, 0, 2, 0.38321, 0.18328, 0.19993, 0.191605, 0.008324999999999999, 22, 14, 0, 1, 0, 0, 0, 0, 0, 0, 0, 0, 0, 0, 0, 0, 0, 0, 0, '"0"', 0, 0, 0, 0, 0, 0, 0, 0, 0, 0, '2026-02-11T17:24:35.288Z', '2026-02-11T17:24:35.288Z');
INSERT INTO "pg_stat_statements" ("userid", "dbid", "toplevel", "queryid", "query", "plans", "total_plan_time", "min_plan_time", "max_plan_time", "mean_plan_time", "stddev_plan_time", "calls", "total_exec_time", "min_exec_time", "max_exec_time", "mean_exec_time", "stddev_exec_time", "rows", "shared_blks_hit", "shared_blks_read", "shared_blks_dirtied", "shared_blks_written", "local_blks_hit", "local_blks_read", "local_blks_dirtied", "local_blks_written", "temp_blks_read", "temp_blks_written", "shared_blk_read_time", "shared_blk_write_time", "local_blk_read_time", "local_blk_write_time", "temp_blk_read_time", "temp_blk_write_time", "wal_records", "wal_fpi", "wal_bytes", "jit_functions", "jit_generation_time", "jit_inlining_count", "jit_inlining_time", "jit_optimization_count", "jit_optimization_time", "jit_emission_count", "jit_emission_time", "jit_deform_count", "jit_deform_time", "stats_since", "minmax_stats_since") VALUES (16387, 5, true, 3120262190253689030, 'SELECT COUNT(*) FROM (SELECT "public"."payload_migrations"."id" FROM "public"."payload_migrations" WHERE $2=$3 OFFSET $1) AS "sub"', 0, 0, 0, 0, 0, 0, 2, 0.031920000000000004, 0.01446, 0.01746, 0.015960000000000002, 0.0015000000000000005, 2, 2, 0, 0, 0, 0, 0, 0, 0, 0, 0, 0, 0, 0, 0, 0, 0, 0, 0, '"0"', 0, 0, 0, 0, 0, 0, 0, 0, 0, 0, '2026-02-11T18:38:00.179Z', '2026-02-11T18:38:00.179Z');
INSERT INTO "pg_stat_statements" ("userid", "dbid", "toplevel", "queryid", "query", "plans", "total_plan_time", "min_plan_time", "max_plan_time", "mean_plan_time", "stddev_plan_time", "calls", "total_exec_time", "min_exec_time", "max_exec_time", "mean_exec_time", "stddev_exec_time", "rows", "shared_blks_hit", "shared_blks_read", "shared_blks_dirtied", "shared_blks_written", "local_blks_hit", "local_blks_read", "local_blks_dirtied", "local_blks_written", "temp_blks_read", "temp_blks_written", "shared_blk_read_time", "shared_blk_write_time", "local_blk_read_time", "local_blk_write_time", "temp_blk_read_time", "temp_blk_write_time", "wal_records", "wal_fpi", "wal_bytes", "jit_functions", "jit_generation_time", "jit_inlining_count", "jit_inlining_time", "jit_optimization_count", "jit_optimization_time", "jit_emission_count", "jit_emission_time", "jit_deform_count", "jit_deform_time", "stats_since", "minmax_stats_since") VALUES (16387, 5, true, 3830880764929021886, 'SELECT COUNT(*) FROM (SELECT "public"."about_business_locales"."id" FROM "public"."about_business_locales" WHERE $2=$3 OFFSET $1) AS "sub"', 0, 0, 0, 0, 0, 0, 3, 0.06064, 0.01119, 0.0294, 0.020213333333333333, 0.007435098445137689, 3, 3, 0, 0, 0, 0, 0, 0, 0, 0, 0, 0, 0, 0, 0, 0, 0, 0, 0, '"0"', 0, 0, 0, 0, 0, 0, 0, 0, 0, 0, '2026-02-11T18:37:54.628Z', '2026-02-11T18:37:54.628Z');
INSERT INTO "pg_stat_statements" ("userid", "dbid", "toplevel", "queryid", "query", "plans", "total_plan_time", "min_plan_time", "max_plan_time", "mean_plan_time", "stddev_plan_time", "calls", "total_exec_time", "min_exec_time", "max_exec_time", "mean_exec_time", "stddev_exec_time", "rows", "shared_blks_hit", "shared_blks_read", "shared_blks_dirtied", "shared_blks_written", "local_blks_hit", "local_blks_read", "local_blks_dirtied", "local_blks_written", "temp_blks_read", "temp_blks_written", "shared_blk_read_time", "shared_blk_write_time", "local_blk_read_time", "local_blk_write_time", "temp_blk_read_time", "temp_blk_write_time", "wal_records", "wal_fpi", "wal_bytes", "jit_functions", "jit_generation_time", "jit_inlining_count", "jit_inlining_time", "jit_optimization_count", "jit_optimization_time", "jit_emission_count", "jit_emission_time", "jit_deform_count", "jit_deform_time", "stats_since", "minmax_stats_since") VALUES (16387, 5, true, 8147814362143713447, 'SELECT * FROM "payload_locked_documents"', 0, 0, 0, 0, 0, 0, 1, 0.024329999999999997, 0.024329999999999997, 0.024329999999999997, 0.024329999999999997, 0, 1, 1, 0, 0, 0, 0, 0, 0, 0, 0, 0, 0, 0, 0, 0, 0, 0, 0, 0, '"0"', 0, 0, 0, 0, 0, 0, 0, 0, 0, 0, '2026-02-11T18:53:20.214Z', '2026-02-11T18:53:20.214Z');
INSERT INTO "pg_stat_statements" ("userid", "dbid", "toplevel", "queryid", "query", "plans", "total_plan_time", "min_plan_time", "max_plan_time", "mean_plan_time", "stddev_plan_time", "calls", "total_exec_time", "min_exec_time", "max_exec_time", "mean_exec_time", "stddev_exec_time", "rows", "shared_blks_hit", "shared_blks_read", "shared_blks_dirtied", "shared_blks_written", "local_blks_hit", "local_blks_read", "local_blks_dirtied", "local_blks_written", "temp_blks_read", "temp_blks_written", "shared_blk_read_time", "shared_blk_write_time", "local_blk_read_time", "local_blk_write_time", "temp_blk_read_time", "temp_blk_write_time", "wal_records", "wal_fpi", "wal_bytes", "jit_functions", "jit_generation_time", "jit_inlining_count", "jit_inlining_time", "jit_optimization_count", "jit_optimization_time", "jit_emission_count", "jit_emission_time", "jit_deform_count", "jit_deform_time", "stats_since", "minmax_stats_since") VALUES (16387, 5, true, -685004357284310997, 'SELECT * FROM "image_galleries_images"', 0, 0, 0, 0, 0, 0, 1, 0.05835, 0.05835, 0.05835, 0.05835, 0, 3, 1, 0, 0, 0, 0, 0, 0, 0, 0, 0, 0, 0, 0, 0, 0, 0, 0, 0, '"0"', 0, 0, 0, 0, 0, 0, 0, 0, 0, 0, '2026-02-11T18:53:19.600Z', '2026-02-11T18:53:19.600Z');
INSERT INTO "pg_stat_statements" ("userid", "dbid", "toplevel", "queryid", "query", "plans", "total_plan_time", "min_plan_time", "max_plan_time", "mean_plan_time", "stddev_plan_time", "calls", "total_exec_time", "min_exec_time", "max_exec_time", "mean_exec_time", "stddev_exec_time", "rows", "shared_blks_hit", "shared_blks_read", "shared_blks_dirtied", "shared_blks_written", "local_blks_hit", "local_blks_read", "local_blks_dirtied", "local_blks_written", "temp_blks_read", "temp_blks_written", "shared_blk_read_time", "shared_blk_write_time", "local_blk_read_time", "local_blk_write_time", "temp_blk_read_time", "temp_blk_write_time", "wal_records", "wal_fpi", "wal_bytes", "jit_functions", "jit_generation_time", "jit_inlining_count", "jit_inlining_time", "jit_optimization_count", "jit_optimization_time", "jit_emission_count", "jit_emission_time", "jit_deform_count", "jit_deform_time", "stats_since", "minmax_stats_since") VALUES (16387, 5, true, -4174698073735662975, 'select "business_services"."id", "business_services"."tenant_id", "business_services"."url", "business_services"."order", "business_services"."updated_at", "business_services"."created_at", "business_services__locales"."data" as "_locales" from "business_services" "business_services" left join lateral (select coalesce(json_agg(json_build_array("business_services__locales"."title", "business_services__locales"."description", "business_services__locales"."url_name", "business_services__locales"."_locale")), $3::json) as "data" from "business_services_locales" "business_services__locales" where "business_services__locales"."_parent_id" = "business_services"."id") "business_services__locales" on $4 where "business_services"."tenant_id" = $1 order by "business_services"."order" asc, "business_services"."created_at" desc limit $2', 0, 0, 0, 0, 0, 0, 33, 16.608328, 0.04218, 11.724883, 0.5032826666666667, 1.990746953634294, 130, 271, 0, 0, 0, 0, 0, 0, 0, 0, 0, 0, 0, 0, 0, 0, 0, 0, 0, '"0"', 0, 0, 0, 0, 0, 0, 0, 0, 0, 0, '2026-02-11T17:27:35.904Z', '2026-02-11T17:27:35.904Z');
INSERT INTO "pg_stat_statements" ("userid", "dbid", "toplevel", "queryid", "query", "plans", "total_plan_time", "min_plan_time", "max_plan_time", "mean_plan_time", "stddev_plan_time", "calls", "total_exec_time", "min_exec_time", "max_exec_time", "mean_exec_time", "stddev_exec_time", "rows", "shared_blks_hit", "shared_blks_read", "shared_blks_dirtied", "shared_blks_written", "local_blks_hit", "local_blks_read", "local_blks_dirtied", "local_blks_written", "temp_blks_read", "temp_blks_written", "shared_blk_read_time", "shared_blk_write_time", "local_blk_read_time", "local_blk_write_time", "temp_blk_read_time", "temp_blk_write_time", "wal_records", "wal_fpi", "wal_bytes", "jit_functions", "jit_generation_time", "jit_inlining_count", "jit_inlining_time", "jit_optimization_count", "jit_optimization_time", "jit_emission_count", "jit_emission_time", "jit_deform_count", "jit_deform_time", "stats_since", "minmax_stats_since") VALUES (10, 5, true, 4932240159620294953, 'SELECT
              relid AS "id",
              schemaname AS "schemaName",
              relname AS "tableName",
              -- convert to kb so we don''t overrun the signed int width (we''ll convert it back later)
              (pg_table_size(relid) / $1)::INT AS "tableKiB",
              (pg_indexes_size(relid) / $2)::INT AS "indexesKiB",
              (pg_total_relation_size(relid) / $3)::INT AS "sizeKiB"
            FROM pg_stat_all_tables
            WHERE
              schemaname NOT IN ($4, $5, $6) -- Exclude system schemas
            ORDER BY schemaname, relname', 0, 0, 0, 0, 0, 0, 1, 110.402936, 110.402936, 110.402936, 110.402936, 0, 32, 3028, 0, 0, 0, 0, 0, 0, 0, 0, 0, 0, 0, 0, 0, 0, 0, 0, 0, '"0"', 0, 0, 0, 0, 0, 0, 0, 0, 0, 0, '2026-02-11T17:29:53.584Z', '2026-02-11T17:29:53.584Z');
INSERT INTO "pg_stat_statements" ("userid", "dbid", "toplevel", "queryid", "query", "plans", "total_plan_time", "min_plan_time", "max_plan_time", "mean_plan_time", "stddev_plan_time", "calls", "total_exec_time", "min_exec_time", "max_exec_time", "mean_exec_time", "stddev_exec_time", "rows", "shared_blks_hit", "shared_blks_read", "shared_blks_dirtied", "shared_blks_written", "local_blks_hit", "local_blks_read", "local_blks_dirtied", "local_blks_written", "temp_blks_read", "temp_blks_written", "shared_blk_read_time", "shared_blk_write_time", "local_blk_read_time", "local_blk_write_time", "temp_blk_read_time", "temp_blk_write_time", "wal_records", "wal_fpi", "wal_bytes", "jit_functions", "jit_generation_time", "jit_inlining_count", "jit_inlining_time", "jit_optimization_count", "jit_optimization_time", "jit_emission_count", "jit_emission_time", "jit_deform_count", "jit_deform_time", "stats_since", "minmax_stats_since") VALUES (16387, 5, true, -8890599239031416901, 'SELECT COUNT(*) FROM (SELECT "public"."media"."id" FROM "public"."media" WHERE $2=$3 OFFSET $1) AS "sub"', 0, 0, 0, 0, 0, 0, 2, 0.0312, 0.01419, 0.01701, 0.0156, 0.0014100000000000002, 2, 2, 0, 0, 0, 0, 0, 0, 0, 0, 0, 0, 0, 0, 0, 0, 0, 0, 0, '"0"', 0, 0, 0, 0, 0, 0, 0, 0, 0, 0, '2026-02-11T18:37:58.748Z', '2026-02-11T18:37:58.748Z');
INSERT INTO "pg_stat_statements" ("userid", "dbid", "toplevel", "queryid", "query", "plans", "total_plan_time", "min_plan_time", "max_plan_time", "mean_plan_time", "stddev_plan_time", "calls", "total_exec_time", "min_exec_time", "max_exec_time", "mean_exec_time", "stddev_exec_time", "rows", "shared_blks_hit", "shared_blks_read", "shared_blks_dirtied", "shared_blks_written", "local_blks_hit", "local_blks_read", "local_blks_dirtied", "local_blks_written", "temp_blks_read", "temp_blks_written", "shared_blk_read_time", "shared_blk_write_time", "local_blk_read_time", "local_blk_write_time", "temp_blk_read_time", "temp_blk_write_time", "wal_records", "wal_fpi", "wal_bytes", "jit_functions", "jit_generation_time", "jit_inlining_count", "jit_inlining_time", "jit_optimization_count", "jit_optimization_time", "jit_emission_count", "jit_emission_time", "jit_deform_count", "jit_deform_time", "stats_since", "minmax_stats_since") VALUES (16387, 5, true, 2465496002839497253, 'select distinct "payload_locked_documents"."id", "payload_locked_documents"."created_at", "payload_locked_documents"."created_at" from "payload_locked_documents" left join "payload_locked_documents_rels" "b29113ec_cf58_4ba6_8ab5_8cca4d378ad9" on ("payload_locked_documents"."id" = "b29113ec_cf58_4ba6_8ab5_8cca4d378ad9"."parent_id" and "b29113ec_cf58_4ba6_8ab5_8cca4d378ad9"."path" like $1) where ("b29113ec_cf58_4ba6_8ab5_8cca4d378ad9"."contact_departments_id" is not null and "payload_locked_documents"."updated_at" < $2) order by "payload_locked_documents"."created_at" desc', 0, 0, 0, 0, 0, 0, 3, 0.08374000000000001, 0.022330000000000003, 0.03149, 0.027913333333333335, 0.003999702766734324, 0, 3, 0, 1, 0, 0, 0, 0, 0, 0, 0, 0, 0, 0, 0, 0, 0, 0, 0, '"0"', 0, 0, 0, 0, 0, 0, 0, 0, 0, 0, '2026-02-11T17:48:02.938Z', '2026-02-11T17:48:02.938Z');
INSERT INTO "pg_stat_statements" ("userid", "dbid", "toplevel", "queryid", "query", "plans", "total_plan_time", "min_plan_time", "max_plan_time", "mean_plan_time", "stddev_plan_time", "calls", "total_exec_time", "min_exec_time", "max_exec_time", "mean_exec_time", "stddev_exec_time", "rows", "shared_blks_hit", "shared_blks_read", "shared_blks_dirtied", "shared_blks_written", "local_blks_hit", "local_blks_read", "local_blks_dirtied", "local_blks_written", "temp_blks_read", "temp_blks_written", "shared_blk_read_time", "shared_blk_write_time", "local_blk_read_time", "local_blk_write_time", "temp_blk_read_time", "temp_blk_write_time", "wal_records", "wal_fpi", "wal_bytes", "jit_functions", "jit_generation_time", "jit_inlining_count", "jit_inlining_time", "jit_optimization_count", "jit_optimization_time", "jit_emission_count", "jit_emission_time", "jit_deform_count", "jit_deform_time", "stats_since", "minmax_stats_since") VALUES (16387, 5, true, -4206478313854543918, 'SELECT * FROM "image_galleries"', 0, 0, 0, 0, 0, 0, 1, 0.02111, 0.02111, 0.02111, 0.02111, 0, 1, 1, 0, 0, 0, 0, 0, 0, 0, 0, 0, 0, 0, 0, 0, 0, 0, 0, 0, '"0"', 0, 0, 0, 0, 0, 0, 0, 0, 0, 0, '2026-02-11T18:53:20.549Z', '2026-02-11T18:53:20.549Z');
INSERT INTO "pg_stat_statements" ("userid", "dbid", "toplevel", "queryid", "query", "plans", "total_plan_time", "min_plan_time", "max_plan_time", "mean_plan_time", "stddev_plan_time", "calls", "total_exec_time", "min_exec_time", "max_exec_time", "mean_exec_time", "stddev_exec_time", "rows", "shared_blks_hit", "shared_blks_read", "shared_blks_dirtied", "shared_blks_written", "local_blks_hit", "local_blks_read", "local_blks_dirtied", "local_blks_written", "temp_blks_read", "temp_blks_written", "shared_blk_read_time", "shared_blk_write_time", "local_blk_read_time", "local_blk_write_time", "temp_blk_read_time", "temp_blk_write_time", "wal_records", "wal_fpi", "wal_bytes", "jit_functions", "jit_generation_time", "jit_inlining_count", "jit_inlining_time", "jit_optimization_count", "jit_optimization_time", "jit_emission_count", "jit_emission_time", "jit_deform_count", "jit_deform_time", "stats_since", "minmax_stats_since") VALUES (16387, 5, true, -4467862669173763493, 'select count(*) from "business_services" where "business_services"."tenant_id" = $1', 0, 0, 0, 0, 0, 0, 34, 3.353147, 0.01136, 0.614819, 0.09862197058823531, 0.10919551304493329, 34, 61, 0, 0, 0, 0, 0, 0, 0, 0, 0, 0, 0, 0, 0, 0, 0, 0, 0, '"0"', 0, 0, 0, 0, 0, 0, 0, 0, 0, 0, '2026-02-11T17:27:35.891Z', '2026-02-11T17:27:35.891Z');
INSERT INTO "pg_stat_statements" ("userid", "dbid", "toplevel", "queryid", "query", "plans", "total_plan_time", "min_plan_time", "max_plan_time", "mean_plan_time", "stddev_plan_time", "calls", "total_exec_time", "min_exec_time", "max_exec_time", "mean_exec_time", "stddev_exec_time", "rows", "shared_blks_hit", "shared_blks_read", "shared_blks_dirtied", "shared_blks_written", "local_blks_hit", "local_blks_read", "local_blks_dirtied", "local_blks_written", "temp_blks_read", "temp_blks_written", "shared_blk_read_time", "shared_blk_write_time", "local_blk_read_time", "local_blk_write_time", "temp_blk_read_time", "temp_blk_write_time", "wal_records", "wal_fpi", "wal_bytes", "jit_functions", "jit_generation_time", "jit_inlining_count", "jit_inlining_time", "jit_optimization_count", "jit_optimization_time", "jit_emission_count", "jit_emission_time", "jit_deform_count", "jit_deform_time", "stats_since", "minmax_stats_since") VALUES (10, 5, true, 73497239528615441, 'SELECT COUNT(*) AS cnt FROM pg_stat_activity WHERE pid <> pg_backend_pid() and xact_start notnull', 0, 0, 0, 0, 0, 0, 57, 14.595049000000001, 0.058050000000000004, 1.787849, 0.2560534912280702, 0.33265332999871255, 57, 0, 0, 0, 0, 0, 0, 0, 0, 0, 0, 0, 0, 0, 0, 0, 0, 0, 0, '"0"', 0, 0, 0, 0, 0, 0, 0, 0, 0, 0, '2026-02-11T17:12:31.851Z', '2026-02-11T17:12:31.851Z');
INSERT INTO "pg_stat_statements" ("userid", "dbid", "toplevel", "queryid", "query", "plans", "total_plan_time", "min_plan_time", "max_plan_time", "mean_plan_time", "stddev_plan_time", "calls", "total_exec_time", "min_exec_time", "max_exec_time", "mean_exec_time", "stddev_exec_time", "rows", "shared_blks_hit", "shared_blks_read", "shared_blks_dirtied", "shared_blks_written", "local_blks_hit", "local_blks_read", "local_blks_dirtied", "local_blks_written", "temp_blks_read", "temp_blks_written", "shared_blk_read_time", "shared_blk_write_time", "local_blk_read_time", "local_blk_write_time", "temp_blk_read_time", "temp_blk_write_time", "wal_records", "wal_fpi", "wal_bytes", "jit_functions", "jit_generation_time", "jit_inlining_count", "jit_inlining_time", "jit_optimization_count", "jit_optimization_time", "jit_emission_count", "jit_emission_time", "jit_deform_count", "jit_deform_time", "stats_since", "minmax_stats_since") VALUES (16387, 5, true, -9150553093733190998, 'SELECT namespace.nspname as namespace_name
FROM pg_namespace as namespace
WHERE namespace.nspname = ANY ( $1 )
ORDER BY namespace_name', 0, 0, 0, 0, 0, 0, 1, 0.08965, 0.08965, 0.08965, 0.08965, 0, 1, 4, 0, 0, 0, 0, 0, 0, 0, 0, 0, 0, 0, 0, 0, 0, 0, 0, 0, '"0"', 0, 0, 0, 0, 0, 0, 0, 0, 0, 0, '2026-02-11T18:32:35.562Z', '2026-02-11T18:32:35.562Z');
INSERT INTO "pg_stat_statements" ("userid", "dbid", "toplevel", "queryid", "query", "plans", "total_plan_time", "min_plan_time", "max_plan_time", "mean_plan_time", "stddev_plan_time", "calls", "total_exec_time", "min_exec_time", "max_exec_time", "mean_exec_time", "stddev_exec_time", "rows", "shared_blks_hit", "shared_blks_read", "shared_blks_dirtied", "shared_blks_written", "local_blks_hit", "local_blks_read", "local_blks_dirtied", "local_blks_written", "temp_blks_read", "temp_blks_written", "shared_blk_read_time", "shared_blk_write_time", "local_blk_read_time", "local_blk_write_time", "temp_blk_read_time", "temp_blk_write_time", "wal_records", "wal_fpi", "wal_bytes", "jit_functions", "jit_generation_time", "jit_inlining_count", "jit_inlining_time", "jit_optimization_count", "jit_optimization_time", "jit_emission_count", "jit_emission_time", "jit_deform_count", "jit_deform_time", "stats_since", "minmax_stats_since") VALUES (16387, 5, true, 6871879179449258781, 'select count(*) from "image_galleries" where "image_galleries"."tenant_id" = $1', 0, 0, 0, 0, 0, 0, 34, 4.218927000000001, 0.01145, 1.0728090000000001, 0.12408608823529413, 0.1780703326301763, 34, 61, 0, 0, 0, 0, 0, 0, 0, 0, 0, 0, 0, 0, 0, 0, 0, 0, 0, '"0"', 0, 0, 0, 0, 0, 0, 0, 0, 0, 0, '2026-02-11T17:27:35.419Z', '2026-02-11T17:27:35.419Z');
INSERT INTO "pg_stat_statements" ("userid", "dbid", "toplevel", "queryid", "query", "plans", "total_plan_time", "min_plan_time", "max_plan_time", "mean_plan_time", "stddev_plan_time", "calls", "total_exec_time", "min_exec_time", "max_exec_time", "mean_exec_time", "stddev_exec_time", "rows", "shared_blks_hit", "shared_blks_read", "shared_blks_dirtied", "shared_blks_written", "local_blks_hit", "local_blks_read", "local_blks_dirtied", "local_blks_written", "temp_blks_read", "temp_blks_written", "shared_blk_read_time", "shared_blk_write_time", "local_blk_read_time", "local_blk_write_time", "temp_blk_read_time", "temp_blk_write_time", "wal_records", "wal_fpi", "wal_bytes", "jit_functions", "jit_generation_time", "jit_inlining_count", "jit_inlining_time", "jit_optimization_count", "jit_optimization_time", "jit_emission_count", "jit_emission_time", "jit_deform_count", "jit_deform_time", "stats_since", "minmax_stats_since") VALUES (16387, 5, true, -2646723144215712964, 'rollback', 0, 0, 0, 0, 0, 0, 2, 0.00234, 0.00117, 0.00117, 0.00117, 0, 0, 0, 0, 0, 0, 0, 0, 0, 0, 0, 0, 0, 0, 0, 0, 0, 0, 0, 0, '"0"', 0, 0, 0, 0, 0, 0, 0, 0, 0, 0, '2026-02-11T17:24:39.168Z', '2026-02-11T17:24:39.168Z');
INSERT INTO "pg_stat_statements" ("userid", "dbid", "toplevel", "queryid", "query", "plans", "total_plan_time", "min_plan_time", "max_plan_time", "mean_plan_time", "stddev_plan_time", "calls", "total_exec_time", "min_exec_time", "max_exec_time", "mean_exec_time", "stddev_exec_time", "rows", "shared_blks_hit", "shared_blks_read", "shared_blks_dirtied", "shared_blks_written", "local_blks_hit", "local_blks_read", "local_blks_dirtied", "local_blks_written", "temp_blks_read", "temp_blks_written", "shared_blk_read_time", "shared_blk_write_time", "local_blk_read_time", "local_blk_write_time", "temp_blk_read_time", "temp_blk_write_time", "wal_records", "wal_fpi", "wal_bytes", "jit_functions", "jit_generation_time", "jit_inlining_count", "jit_inlining_time", "jit_optimization_count", "jit_optimization_time", "jit_emission_count", "jit_emission_time", "jit_deform_count", "jit_deform_time", "stats_since", "minmax_stats_since") VALUES (16387, 5, true, -5720591983924810112, 'SELECT COUNT(*) FROM (SELECT "public"."contact_departments"."id" FROM "public"."contact_departments" WHERE $2=$3 OFFSET $1) AS "sub"', 0, 0, 0, 0, 0, 0, 2, 0.03945, 0.01728, 0.02217, 0.019725, 0.0024449999999999993, 2, 2, 0, 0, 0, 0, 0, 0, 0, 0, 0, 0, 0, 0, 0, 0, 0, 0, 0, '"0"', 0, 0, 0, 0, 0, 0, 0, 0, 0, 0, '2026-02-11T18:37:57.536Z', '2026-02-11T18:37:57.536Z');
INSERT INTO "pg_stat_statements" ("userid", "dbid", "toplevel", "queryid", "query", "plans", "total_plan_time", "min_plan_time", "max_plan_time", "mean_plan_time", "stddev_plan_time", "calls", "total_exec_time", "min_exec_time", "max_exec_time", "mean_exec_time", "stddev_exec_time", "rows", "shared_blks_hit", "shared_blks_read", "shared_blks_dirtied", "shared_blks_written", "local_blks_hit", "local_blks_read", "local_blks_dirtied", "local_blks_written", "temp_blks_read", "temp_blks_written", "shared_blk_read_time", "shared_blk_write_time", "local_blk_read_time", "local_blk_write_time", "temp_blk_read_time", "temp_blk_write_time", "wal_records", "wal_fpi", "wal_bytes", "jit_functions", "jit_generation_time", "jit_inlining_count", "jit_inlining_time", "jit_optimization_count", "jit_optimization_time", "jit_emission_count", "jit_emission_time", "jit_deform_count", "jit_deform_time", "stats_since", "minmax_stats_since") VALUES (16387, 5, true, -3862240220768793754, 'SELECT * FROM "pg_stat_statements_info"', 0, 0, 0, 0, 0, 0, 1, 0.01138, 0.01138, 0.01138, 0.01138, 0, 1, 0, 0, 0, 0, 0, 0, 0, 0, 0, 0, 0, 0, 0, 0, 0, 0, 0, 0, '"0"', 0, 0, 0, 0, 0, 0, 0, 0, 0, 0, '2026-02-11T18:53:22.423Z', '2026-02-11T18:53:22.423Z');
INSERT INTO "pg_stat_statements" ("userid", "dbid", "toplevel", "queryid", "query", "plans", "total_plan_time", "min_plan_time", "max_plan_time", "mean_plan_time", "stddev_plan_time", "calls", "total_exec_time", "min_exec_time", "max_exec_time", "mean_exec_time", "stddev_exec_time", "rows", "shared_blks_hit", "shared_blks_read", "shared_blks_dirtied", "shared_blks_written", "local_blks_hit", "local_blks_read", "local_blks_dirtied", "local_blks_written", "temp_blks_read", "temp_blks_written", "shared_blk_read_time", "shared_blk_write_time", "local_blk_read_time", "local_blk_write_time", "temp_blk_read_time", "temp_blk_write_time", "wal_records", "wal_fpi", "wal_bytes", "jit_functions", "jit_generation_time", "jit_inlining_count", "jit_inlining_time", "jit_optimization_count", "jit_optimization_time", "jit_emission_count", "jit_emission_time", "jit_deform_count", "jit_deform_time", "stats_since", "minmax_stats_since") VALUES (16387, 5, true, -3166979228016210396, 'SELECT
    ext.extname AS extension_name,
    ext.extversion AS extension_version,
    ext.extrelocatable AS extension_relocatable,
    pn.nspname AS extension_schema
FROM pg_extension ext
INNER JOIN pg_namespace pn ON ext.extnamespace = pn.oid
ORDER BY ext.extname ASC', 0, 0, 0, 0, 0, 0, 1, 0.047689999999999996, 0.047689999999999996, 0.047689999999999996, 0.047689999999999996, 0, 2, 3, 0, 1, 0, 0, 0, 0, 0, 0, 0, 0, 0, 0, 0, 0, 0, 0, 0, '"0"', 0, 0, 0, 0, 0, 0, 0, 0, 0, 0, '2026-02-11T18:32:39.354Z', '2026-02-11T18:32:39.354Z');
INSERT INTO "pg_stat_statements" ("userid", "dbid", "toplevel", "queryid", "query", "plans", "total_plan_time", "min_plan_time", "max_plan_time", "mean_plan_time", "stddev_plan_time", "calls", "total_exec_time", "min_exec_time", "max_exec_time", "mean_exec_time", "stddev_exec_time", "rows", "shared_blks_hit", "shared_blks_read", "shared_blks_dirtied", "shared_blks_written", "local_blks_hit", "local_blks_read", "local_blks_dirtied", "local_blks_written", "temp_blks_read", "temp_blks_written", "shared_blk_read_time", "shared_blk_write_time", "local_blk_read_time", "local_blk_write_time", "temp_blk_read_time", "temp_blk_write_time", "wal_records", "wal_fpi", "wal_bytes", "jit_functions", "jit_generation_time", "jit_inlining_count", "jit_inlining_time", "jit_optimization_count", "jit_optimization_time", "jit_emission_count", "jit_emission_time", "jit_deform_count", "jit_deform_time", "stats_since", "minmax_stats_since") VALUES (16387, 5, true, 962588168425490212, 'SELECT to_regclass($1) AS exists', 0, 0, 0, 0, 0, 0, 2, 0.31135, 0.15479, 0.15656, 0.155675, 0.0008849999999999969, 2, 18, 0, 0, 0, 0, 0, 0, 0, 0, 0, 0, 0, 0, 0, 0, 0, 0, 0, '"0"', 0, 0, 0, 0, 0, 0, 0, 0, 0, 0, '2026-02-11T17:24:35.052Z', '2026-02-11T17:24:35.052Z');
INSERT INTO "pg_stat_statements" ("userid", "dbid", "toplevel", "queryid", "query", "plans", "total_plan_time", "min_plan_time", "max_plan_time", "mean_plan_time", "stddev_plan_time", "calls", "total_exec_time", "min_exec_time", "max_exec_time", "mean_exec_time", "stddev_exec_time", "rows", "shared_blks_hit", "shared_blks_read", "shared_blks_dirtied", "shared_blks_written", "local_blks_hit", "local_blks_read", "local_blks_dirtied", "local_blks_written", "temp_blks_read", "temp_blks_written", "shared_blk_read_time", "shared_blk_write_time", "local_blk_read_time", "local_blk_write_time", "temp_blk_read_time", "temp_blk_write_time", "wal_records", "wal_fpi", "wal_bytes", "jit_functions", "jit_generation_time", "jit_inlining_count", "jit_inlining_time", "jit_optimization_count", "jit_optimization_time", "jit_emission_count", "jit_emission_time", "jit_deform_count", "jit_deform_time", "stats_since", "minmax_stats_since") VALUES (16387, 5, true, 7003192731539537974, 'SELECT COUNT(*) FROM (SELECT "public"."payload_kv"."id" FROM "public"."payload_kv" WHERE $2=$3 OFFSET $1) AS "sub"', 0, 0, 0, 0, 0, 0, 2, 0.02621, 0.00851, 0.0177, 0.013105, 0.004595, 2, 0, 0, 0, 0, 0, 0, 0, 0, 0, 0, 0, 0, 0, 0, 0, 0, 0, 0, '"0"', 0, 0, 0, 0, 0, 0, 0, 0, 0, 0, '2026-02-11T18:37:59.315Z', '2026-02-11T18:37:59.315Z');
INSERT INTO "pg_stat_statements" ("userid", "dbid", "toplevel", "queryid", "query", "plans", "total_plan_time", "min_plan_time", "max_plan_time", "mean_plan_time", "stddev_plan_time", "calls", "total_exec_time", "min_exec_time", "max_exec_time", "mean_exec_time", "stddev_exec_time", "rows", "shared_blks_hit", "shared_blks_read", "shared_blks_dirtied", "shared_blks_written", "local_blks_hit", "local_blks_read", "local_blks_dirtied", "local_blks_written", "temp_blks_read", "temp_blks_written", "shared_blk_read_time", "shared_blk_write_time", "local_blk_read_time", "local_blk_write_time", "temp_blk_read_time", "temp_blk_write_time", "wal_records", "wal_fpi", "wal_bytes", "jit_functions", "jit_generation_time", "jit_inlining_count", "jit_inlining_time", "jit_optimization_count", "jit_optimization_time", "jit_emission_count", "jit_emission_time", "jit_deform_count", "jit_deform_time", "stats_since", "minmax_stats_since") VALUES (16387, 5, true, 3991996344644224379, 'SELECT COUNT(*) FROM (SELECT "public"."image_galleries"."id" FROM "public"."image_galleries" WHERE $2=$3 OFFSET $1) AS "sub"', 0, 0, 0, 0, 0, 0, 2, 0.02737, 0.01268, 0.01469, 0.013685, 0.0010049999999999994, 2, 2, 0, 0, 0, 0, 0, 0, 0, 0, 0, 0, 0, 0, 0, 0, 0, 0, 0, '"0"', 0, 0, 0, 0, 0, 0, 0, 0, 0, 0, '2026-02-11T18:37:58.181Z', '2026-02-11T18:37:58.181Z');
INSERT INTO "pg_stat_statements" ("userid", "dbid", "toplevel", "queryid", "query", "plans", "total_plan_time", "min_plan_time", "max_plan_time", "mean_plan_time", "stddev_plan_time", "calls", "total_exec_time", "min_exec_time", "max_exec_time", "mean_exec_time", "stddev_exec_time", "rows", "shared_blks_hit", "shared_blks_read", "shared_blks_dirtied", "shared_blks_written", "local_blks_hit", "local_blks_read", "local_blks_dirtied", "local_blks_written", "temp_blks_read", "temp_blks_written", "shared_blk_read_time", "shared_blk_write_time", "local_blk_read_time", "local_blk_write_time", "temp_blk_read_time", "temp_blk_write_time", "wal_records", "wal_fpi", "wal_bytes", "jit_functions", "jit_generation_time", "jit_inlining_count", "jit_inlining_time", "jit_optimization_count", "jit_optimization_time", "jit_emission_count", "jit_emission_time", "jit_deform_count", "jit_deform_time", "stats_since", "minmax_stats_since") VALUES (16387, 5, true, -8184314590059172881, 'SELECT "public"."tenants"."id", "public"."tenants"."name", "public"."tenants"."slug", "public"."tenants"."updated_at", "public"."tenants"."created_at", "public"."tenants"."_status"::text FROM "public"."tenants" WHERE "public"."tenants"."id" IN ($1) OFFSET $2', 0, 0, 0, 0, 0, 0, 1, 0.09377, 0.09377, 0.09377, 0.09377, 0, 1, 5, 0, 0, 0, 0, 0, 0, 0, 0, 0, 0, 0, 0, 0, 0, 0, 0, 0, '"0"', 0, 0, 0, 0, 0, 0, 0, 0, 0, 0, '2026-02-11T18:37:55.527Z', '2026-02-11T18:37:55.527Z');
INSERT INTO "pg_stat_statements" ("userid", "dbid", "toplevel", "queryid", "query", "plans", "total_plan_time", "min_plan_time", "max_plan_time", "mean_plan_time", "stddev_plan_time", "calls", "total_exec_time", "min_exec_time", "max_exec_time", "mean_exec_time", "stddev_exec_time", "rows", "shared_blks_hit", "shared_blks_read", "shared_blks_dirtied", "shared_blks_written", "local_blks_hit", "local_blks_read", "local_blks_dirtied", "local_blks_written", "temp_blks_read", "temp_blks_written", "shared_blk_read_time", "shared_blk_write_time", "local_blk_read_time", "local_blk_write_time", "temp_blk_read_time", "temp_blk_write_time", "wal_records", "wal_fpi", "wal_bytes", "jit_functions", "jit_generation_time", "jit_inlining_count", "jit_inlining_time", "jit_optimization_count", "jit_optimization_time", "jit_emission_count", "jit_emission_time", "jit_deform_count", "jit_deform_time", "stats_since", "minmax_stats_since") VALUES (16387, 5, true, 7623275962424411985, 'SELECT * FROM "users"', 0, 0, 0, 0, 0, 0, 1, 0.07595, 0.07595, 0.07595, 0.07595, 0, 3, 7, 0, 0, 0, 0, 0, 0, 0, 0, 0, 0, 0, 0, 0, 0, 0, 0, 0, '"0"', 0, 0, 0, 0, 0, 0, 0, 0, 0, 0, '2026-02-11T18:53:17.345Z', '2026-02-11T18:53:17.345Z');
INSERT INTO "pg_stat_statements" ("userid", "dbid", "toplevel", "queryid", "query", "plans", "total_plan_time", "min_plan_time", "max_plan_time", "mean_plan_time", "stddev_plan_time", "calls", "total_exec_time", "min_exec_time", "max_exec_time", "mean_exec_time", "stddev_exec_time", "rows", "shared_blks_hit", "shared_blks_read", "shared_blks_dirtied", "shared_blks_written", "local_blks_hit", "local_blks_read", "local_blks_dirtied", "local_blks_written", "temp_blks_read", "temp_blks_written", "shared_blk_read_time", "shared_blk_write_time", "local_blk_read_time", "local_blk_write_time", "temp_blk_read_time", "temp_blk_write_time", "wal_records", "wal_fpi", "wal_bytes", "jit_functions", "jit_generation_time", "jit_inlining_count", "jit_inlining_time", "jit_optimization_count", "jit_optimization_time", "jit_emission_count", "jit_emission_time", "jit_deform_count", "jit_deform_time", "stats_since", "minmax_stats_since") VALUES (16387, 5, true, 6419376566402035497, 'select count(*) from "partners_carousel_settings" where "partners_carousel_settings"."tenant_id" = $1', 0, 0, 0, 0, 0, 0, 36, 2.3169890000000004, 0.007880000000000002, 0.36571, 0.06436080555555554, 0.06374867555435496, 36, 65, 0, 0, 0, 0, 0, 0, 0, 0, 0, 0, 0, 0, 0, 0, 0, 0, 0, '"0"', 0, 0, 0, 0, 0, 0, 0, 0, 0, 0, '2026-02-11T17:27:35.894Z', '2026-02-11T17:27:35.894Z');
INSERT INTO "pg_stat_statements" ("userid", "dbid", "toplevel", "queryid", "query", "plans", "total_plan_time", "min_plan_time", "max_plan_time", "mean_plan_time", "stddev_plan_time", "calls", "total_exec_time", "min_exec_time", "max_exec_time", "mean_exec_time", "stddev_exec_time", "rows", "shared_blks_hit", "shared_blks_read", "shared_blks_dirtied", "shared_blks_written", "local_blks_hit", "local_blks_read", "local_blks_dirtied", "local_blks_written", "temp_blks_read", "temp_blks_written", "shared_blk_read_time", "shared_blk_write_time", "local_blk_read_time", "local_blk_write_time", "temp_blk_read_time", "temp_blk_write_time", "wal_records", "wal_fpi", "wal_bytes", "jit_functions", "jit_generation_time", "jit_inlining_count", "jit_inlining_time", "jit_optimization_count", "jit_optimization_time", "jit_emission_count", "jit_emission_time", "jit_deform_count", "jit_deform_time", "stats_since", "minmax_stats_since") VALUES (16387, 5, true, 865923438308670640, 'SELECT "public"."about_business_locales"."id", "public"."about_business_locales"."_parent_id" FROM "public"."about_business_locales" WHERE "public"."about_business_locales"."_parent_id" IN ($1) OFFSET $2', 0, 0, 0, 0, 0, 0, 1, 0.01633, 0.01633, 0.01633, 0.01633, 0, 2, 1, 0, 0, 0, 0, 0, 0, 0, 0, 0, 0, 0, 0, 0, 0, 0, 0, 0, '"0"', 0, 0, 0, 0, 0, 0, 0, 0, 0, 0, '2026-02-11T18:37:55.815Z', '2026-02-11T18:37:55.815Z');
INSERT INTO "pg_stat_statements" ("userid", "dbid", "toplevel", "queryid", "query", "plans", "total_plan_time", "min_plan_time", "max_plan_time", "mean_plan_time", "stddev_plan_time", "calls", "total_exec_time", "min_exec_time", "max_exec_time", "mean_exec_time", "stddev_exec_time", "rows", "shared_blks_hit", "shared_blks_read", "shared_blks_dirtied", "shared_blks_written", "local_blks_hit", "local_blks_read", "local_blks_dirtied", "local_blks_written", "temp_blks_read", "temp_blks_written", "shared_blk_read_time", "shared_blk_write_time", "local_blk_read_time", "local_blk_write_time", "temp_blk_read_time", "temp_blk_write_time", "wal_records", "wal_fpi", "wal_bytes", "jit_functions", "jit_generation_time", "jit_inlining_count", "jit_inlining_time", "jit_optimization_count", "jit_optimization_time", "jit_emission_count", "jit_emission_time", "jit_deform_count", "jit_deform_time", "stats_since", "minmax_stats_since") VALUES (16387, 5, true, -6518422676946893441, 'select "contact_departments"."id", "contact_departments"."tenant_id", "contact_departments"."whatsapp", "contact_departments"."telegram", "contact_departments"."sms", "contact_departments"."telephone", "contact_departments"."order", "contact_departments"."updated_at", "contact_departments"."created_at", "contact_departments__locales"."data" as "_locales" from "contact_departments" "contact_departments" left join lateral (select coalesce(json_agg(json_build_array("contact_departments__locales"."title", "contact_departments__locales"."phone", "contact_departments__locales"."_locale")), $4::json) as "data" from "contact_departments_locales" "contact_departments__locales" where "contact_departments__locales"."_parent_id" = "contact_departments"."id") "contact_departments__locales" on $5 where ("contact_departments"."id" = $1 and "contact_departments"."tenant_id" = $2) order by "contact_departments"."created_at" desc limit $3', 0, 0, 0, 0, 0, 0, 4, 0.38766, 0.08067999999999999, 0.12088, 0.096915, 0.015086928945282406, 4, 28, 0, 0, 0, 0, 0, 0, 0, 0, 0, 0, 0, 0, 0, 0, 0, 0, 0, '"0"', 0, 0, 0, 0, 0, 0, 0, 0, 0, 0, '2026-02-11T17:47:57.105Z', '2026-02-11T17:47:57.105Z');
INSERT INTO "pg_stat_statements" ("userid", "dbid", "toplevel", "queryid", "query", "plans", "total_plan_time", "min_plan_time", "max_plan_time", "mean_plan_time", "stddev_plan_time", "calls", "total_exec_time", "min_exec_time", "max_exec_time", "mean_exec_time", "stddev_exec_time", "rows", "shared_blks_hit", "shared_blks_read", "shared_blks_dirtied", "shared_blks_written", "local_blks_hit", "local_blks_read", "local_blks_dirtied", "local_blks_written", "temp_blks_read", "temp_blks_written", "shared_blk_read_time", "shared_blk_write_time", "local_blk_read_time", "local_blk_write_time", "temp_blk_read_time", "temp_blk_write_time", "wal_records", "wal_fpi", "wal_bytes", "jit_functions", "jit_generation_time", "jit_inlining_count", "jit_inlining_time", "jit_optimization_count", "jit_optimization_time", "jit_emission_count", "jit_emission_time", "jit_deform_count", "jit_deform_time", "stats_since", "minmax_stats_since") VALUES (16387, 5, true, 5590249534017780172, 'SELECT * FROM "payload_preferences"', 0, 0, 0, 0, 0, 0, 1, 0.05103, 0.05103, 0.05103, 0.05103, 0, 15, 1, 0, 0, 0, 0, 0, 0, 0, 0, 0, 0, 0, 0, 0, 0, 0, 0, 0, '"0"', 0, 0, 0, 0, 0, 0, 0, 0, 0, 0, '2026-02-11T18:53:20.826Z', '2026-02-11T18:53:20.826Z');
INSERT INTO "pg_stat_statements" ("userid", "dbid", "toplevel", "queryid", "query", "plans", "total_plan_time", "min_plan_time", "max_plan_time", "mean_plan_time", "stddev_plan_time", "calls", "total_exec_time", "min_exec_time", "max_exec_time", "mean_exec_time", "stddev_exec_time", "rows", "shared_blks_hit", "shared_blks_read", "shared_blks_dirtied", "shared_blks_written", "local_blks_hit", "local_blks_read", "local_blks_dirtied", "local_blks_written", "temp_blks_read", "temp_blks_written", "shared_blk_read_time", "shared_blk_write_time", "local_blk_read_time", "local_blk_write_time", "temp_blk_read_time", "temp_blk_write_time", "wal_records", "wal_fpi", "wal_bytes", "jit_functions", "jit_generation_time", "jit_inlining_count", "jit_inlining_time", "jit_optimization_count", "jit_optimization_time", "jit_emission_count", "jit_emission_time", "jit_deform_count", "jit_deform_time", "stats_since", "minmax_stats_since") VALUES (16387, 5, true, -3886136715288690249, 'select "payload_locked_documents"."id", "payload_locked_documents"."global_slug", "payload_locked_documents"."updated_at", "payload_locked_documents"."created_at", "payload_locked_documents__rels"."data" as "_rels" from "payload_locked_documents" "payload_locked_documents" left join lateral (select coalesce(json_agg(json_build_array("payload_locked_documents__rels"."order", "payload_locked_documents__rels"."path", "payload_locked_documents__rels"."media_id", "payload_locked_documents__rels"."users_id", "payload_locked_documents__rels"."tenants_id", "payload_locked_documents__rels"."business_profile_id", "payload_locked_documents__rels"."business_themes_id", "payload_locked_documents__rels"."about_business_id", "payload_locked_documents__rels"."image_galleries_id", "payload_locked_documents__rels"."contact_departments_id", "payload_locked_documents__rels"."social_links_id", "payload_locked_documents__rels"."business_services_id", "payload_locked_documents__rels"."business_partners_id", "payload_locked_documents__rels"."business_locations_id", "payload_locked_documents__rels"."section_titles_id", "payload_locked_documents__rels"."tenant_link_configuration_id", "payload_locked_documents__rels"."partners_carousel_settings_id") order by "payload_locked_documents__rels"."order" asc), $2::json) as "data" from (select * from "payload_locked_documents_rels" "payload_locked_documents__rels" where "payload_locked_documents__rels"."parent_id" = "payload_locked_documents"."id" order by "payload_locked_documents__rels"."order" asc) "payload_locked_documents__rels") "payload_locked_documents__rels" on $3 where "payload_locked_documents"."id" in ($1)', 0, 0, 0, 0, 0, 0, 12, 0.5137, 0.03143, 0.06877, 0.04280833333333334, 0.012388526838257332, 12, 33, 0, 0, 0, 0, 0, 0, 0, 0, 0, 0, 0, 0, 0, 0, 0, 0, 0, '"0"', 0, 0, 0, 0, 0, 0, 0, 0, 0, 0, '2026-02-11T17:48:05.080Z', '2026-02-11T17:48:05.080Z');
INSERT INTO "pg_stat_statements" ("userid", "dbid", "toplevel", "queryid", "query", "plans", "total_plan_time", "min_plan_time", "max_plan_time", "mean_plan_time", "stddev_plan_time", "calls", "total_exec_time", "min_exec_time", "max_exec_time", "mean_exec_time", "stddev_exec_time", "rows", "shared_blks_hit", "shared_blks_read", "shared_blks_dirtied", "shared_blks_written", "local_blks_hit", "local_blks_read", "local_blks_dirtied", "local_blks_written", "temp_blks_read", "temp_blks_written", "shared_blk_read_time", "shared_blk_write_time", "local_blk_read_time", "local_blk_write_time", "temp_blk_read_time", "temp_blk_write_time", "wal_records", "wal_fpi", "wal_bytes", "jit_functions", "jit_generation_time", "jit_inlining_count", "jit_inlining_time", "jit_optimization_count", "jit_optimization_time", "jit_emission_count", "jit_emission_time", "jit_deform_count", "jit_deform_time", "stats_since", "minmax_stats_since") VALUES (16387, 5, true, -8635914323330865586, 'SELECT COUNT(*) FROM (SELECT "public"."tenants"."id" FROM "public"."tenants" WHERE $2=$3 OFFSET $1) AS "sub"', 0, 0, 0, 0, 0, 0, 2, 0.02854, 0.01267, 0.01587, 0.01427, 0.001599999999999999, 2, 2, 0, 0, 0, 0, 0, 0, 0, 0, 0, 0, 0, 0, 0, 0, 0, 0, 0, '"0"', 0, 0, 0, 0, 0, 0, 0, 0, 0, 0, '2026-02-11T18:38:02.404Z', '2026-02-11T18:38:02.404Z');
INSERT INTO "pg_stat_statements" ("userid", "dbid", "toplevel", "queryid", "query", "plans", "total_plan_time", "min_plan_time", "max_plan_time", "mean_plan_time", "stddev_plan_time", "calls", "total_exec_time", "min_exec_time", "max_exec_time", "mean_exec_time", "stddev_exec_time", "rows", "shared_blks_hit", "shared_blks_read", "shared_blks_dirtied", "shared_blks_written", "local_blks_hit", "local_blks_read", "local_blks_dirtied", "local_blks_written", "temp_blks_read", "temp_blks_written", "shared_blk_read_time", "shared_blk_write_time", "local_blk_read_time", "local_blk_write_time", "temp_blk_read_time", "temp_blk_write_time", "wal_records", "wal_fpi", "wal_bytes", "jit_functions", "jit_generation_time", "jit_inlining_count", "jit_inlining_time", "jit_optimization_count", "jit_optimization_time", "jit_emission_count", "jit_emission_time", "jit_deform_count", "jit_deform_time", "stats_since", "minmax_stats_since") VALUES (16387, 5, true, 913807989380198476, 'SELECT * FROM "partners_carousel_settings"', 0, 0, 0, 0, 0, 0, 1, 0.03696, 0.03696, 0.03696, 0.03696, 0, 1, 1, 0, 0, 0, 0, 0, 0, 0, 0, 0, 0, 0, 0, 0, 0, 0, 0, 0, '"0"', 0, 0, 0, 0, 0, 0, 0, 0, 0, 0, '2026-02-11T18:53:15.295Z', '2026-02-11T18:53:15.295Z');
INSERT INTO "pg_stat_statements" ("userid", "dbid", "toplevel", "queryid", "query", "plans", "total_plan_time", "min_plan_time", "max_plan_time", "mean_plan_time", "stddev_plan_time", "calls", "total_exec_time", "min_exec_time", "max_exec_time", "mean_exec_time", "stddev_exec_time", "rows", "shared_blks_hit", "shared_blks_read", "shared_blks_dirtied", "shared_blks_written", "local_blks_hit", "local_blks_read", "local_blks_dirtied", "local_blks_written", "temp_blks_read", "temp_blks_written", "shared_blk_read_time", "shared_blk_write_time", "local_blk_read_time", "local_blk_write_time", "temp_blk_read_time", "temp_blk_write_time", "wal_records", "wal_fpi", "wal_bytes", "jit_functions", "jit_generation_time", "jit_inlining_count", "jit_inlining_time", "jit_optimization_count", "jit_optimization_time", "jit_emission_count", "jit_emission_time", "jit_deform_count", "jit_deform_time", "stats_since", "minmax_stats_since") VALUES (16387, 5, true, 4559981325830152580, 'select distinct "payload_locked_documents"."id", "payload_locked_documents"."created_at", "payload_locked_documents"."created_at" from "payload_locked_documents" left join "payload_locked_documents_rels" "3c5c0643_5fad_49f5_8e9d_1df23d4ae967" on ("payload_locked_documents"."id" = "3c5c0643_5fad_49f5_8e9d_1df23d4ae967"."parent_id" and "3c5c0643_5fad_49f5_8e9d_1df23d4ae967"."path" like $1) where ("3c5c0643_5fad_49f5_8e9d_1df23d4ae967"."contact_departments_id" is not null and ("3c5c0643_5fad_49f5_8e9d_1df23d4ae967"."media_id" = $2 or "3c5c0643_5fad_49f5_8e9d_1df23d4ae967"."users_id" = $3 or "3c5c0643_5fad_49f5_8e9d_1df23d4ae967"."tenants_id" = $4 or "3c5c0643_5fad_49f5_8e9d_1df23d4ae967"."business_profile_id" = $5 or "3c5c0643_5fad_49f5_8e9d_1df23d4ae967"."business_themes_id" = $6 or "3c5c0643_5fad_49f5_8e9d_1df23d4ae967"."about_business_id" = $7 or "3c5c0643_5fad_49f5_8e9d_1df23d4ae967"."image_galleries_id" = $8 or "3c5c0643_5fad_49f5_8e9d_1df23d4ae967"."contact_departments_id" = $9 or "3c5c0643_5fad_49f5_8e9d_1df23d4ae967"."social_links_id" = $10 or "3c5c0643_5fad_49f5_8e9d_1df23d4ae967"."business_services_id" = $11 or "3c5c0643_5fad_49f5_8e9d_1df23d4ae967"."business_partners_id" = $12 or "3c5c0643_5fad_49f5_8e9d_1df23d4ae967"."business_locations_id" = $13 or "3c5c0643_5fad_49f5_8e9d_1df23d4ae967"."section_titles_id" = $14 or "3c5c0643_5fad_49f5_8e9d_1df23d4ae967"."tenant_link_configuration_id" = $15 or "3c5c0643_5fad_49f5_8e9d_1df23d4ae967"."partners_carousel_settings_id" = $16) and "payload_locked_documents"."updated_at" > $17) order by "payload_locked_documents"."created_at" desc limit $18', 0, 0, 0, 0, 0, 0, 12, 0.33346, 0.01709, 0.03535, 0.02778833333333333, 0.005787837583146999, 9, 21, 0, 0, 0, 0, 0, 0, 0, 0, 0, 0, 0, 0, 0, 0, 0, 0, 0, '"0"', 0, 0, 0, 0, 0, 0, 0, 0, 0, 0, '2026-02-11T17:48:02.928Z', '2026-02-11T17:48:02.928Z');
INSERT INTO "pg_stat_statements" ("userid", "dbid", "toplevel", "queryid", "query", "plans", "total_plan_time", "min_plan_time", "max_plan_time", "mean_plan_time", "stddev_plan_time", "calls", "total_exec_time", "min_exec_time", "max_exec_time", "mean_exec_time", "stddev_exec_time", "rows", "shared_blks_hit", "shared_blks_read", "shared_blks_dirtied", "shared_blks_written", "local_blks_hit", "local_blks_read", "local_blks_dirtied", "local_blks_written", "temp_blks_read", "temp_blks_written", "shared_blk_read_time", "shared_blk_write_time", "local_blk_read_time", "local_blk_write_time", "temp_blk_read_time", "temp_blk_write_time", "wal_records", "wal_fpi", "wal_bytes", "jit_functions", "jit_generation_time", "jit_inlining_count", "jit_inlining_time", "jit_optimization_count", "jit_optimization_time", "jit_emission_count", "jit_emission_time", "jit_deform_count", "jit_deform_time", "stats_since", "minmax_stats_since") VALUES (16387, 5, true, 68355869749232224, 'select distinct "payload_locked_documents"."id", "payload_locked_documents"."created_at", "payload_locked_documents"."created_at" from "payload_locked_documents" left join "payload_locked_documents_rels" "bde22312_d2e6_49ed_8581_32e0e9e8ff01" on ("payload_locked_documents"."id" = "bde22312_d2e6_49ed_8581_32e0e9e8ff01"."parent_id" and "bde22312_d2e6_49ed_8581_32e0e9e8ff01"."path" like $1) where ("bde22312_d2e6_49ed_8581_32e0e9e8ff01"."contact_departments_id" is not null and ("bde22312_d2e6_49ed_8581_32e0e9e8ff01"."media_id" = $2 or "bde22312_d2e6_49ed_8581_32e0e9e8ff01"."users_id" = $3 or "bde22312_d2e6_49ed_8581_32e0e9e8ff01"."tenants_id" = $4 or "bde22312_d2e6_49ed_8581_32e0e9e8ff01"."business_profile_id" = $5 or "bde22312_d2e6_49ed_8581_32e0e9e8ff01"."business_themes_id" = $6 or "bde22312_d2e6_49ed_8581_32e0e9e8ff01"."about_business_id" = $7 or "bde22312_d2e6_49ed_8581_32e0e9e8ff01"."image_galleries_id" = $8 or "bde22312_d2e6_49ed_8581_32e0e9e8ff01"."contact_departments_id" = $9 or "bde22312_d2e6_49ed_8581_32e0e9e8ff01"."social_links_id" = $10 or "bde22312_d2e6_49ed_8581_32e0e9e8ff01"."business_services_id" = $11 or "bde22312_d2e6_49ed_8581_32e0e9e8ff01"."business_partners_id" = $12 or "bde22312_d2e6_49ed_8581_32e0e9e8ff01"."business_locations_id" = $13 or "bde22312_d2e6_49ed_8581_32e0e9e8ff01"."section_titles_id" = $14 or "bde22312_d2e6_49ed_8581_32e0e9e8ff01"."tenant_link_configuration_id" = $15 or "bde22312_d2e6_49ed_8581_32e0e9e8ff01"."partners_carousel_settings_id" = $16)) order by "payload_locked_documents"."created_at" desc', 0, 0, 0, 0, 0, 0, 3, 0.172, 0.053059999999999996, 0.06338, 0.05733333333333333, 0.004395765639289201, 3, 15, 0, 0, 0, 0, 0, 0, 0, 0, 0, 0, 0, 0, 0, 0, 0, 0, 0, '"0"', 0, 0, 0, 0, 0, 0, 0, 0, 0, 0, '2026-02-11T17:48:09.019Z', '2026-02-11T17:48:09.019Z');
INSERT INTO "pg_stat_statements" ("userid", "dbid", "toplevel", "queryid", "query", "plans", "total_plan_time", "min_plan_time", "max_plan_time", "mean_plan_time", "stddev_plan_time", "calls", "total_exec_time", "min_exec_time", "max_exec_time", "mean_exec_time", "stddev_exec_time", "rows", "shared_blks_hit", "shared_blks_read", "shared_blks_dirtied", "shared_blks_written", "local_blks_hit", "local_blks_read", "local_blks_dirtied", "local_blks_written", "temp_blks_read", "temp_blks_written", "shared_blk_read_time", "shared_blk_write_time", "local_blk_read_time", "local_blk_write_time", "temp_blk_read_time", "temp_blk_write_time", "wal_records", "wal_fpi", "wal_bytes", "jit_functions", "jit_generation_time", "jit_inlining_count", "jit_inlining_time", "jit_optimization_count", "jit_optimization_time", "jit_emission_count", "jit_emission_time", "jit_deform_count", "jit_deform_time", "stats_since", "minmax_stats_since") VALUES (10, 5, true, 2800308901962295548, 'SELECT $1', 0, 0, 0, 0, 0, 0, 12, 0.10529000000000001, 0.00834, 0.009340000000000001, 0.008774166666666666, 0.00029887172090305804, 12, 0, 0, 0, 0, 0, 0, 0, 0, 0, 0, 0, 0, 0, 0, 0, 0, 0, 0, '"0"', 0, 0, 0, 0, 0, 0, 0, 0, 0, 0, '2026-02-11T17:14:22.799Z', '2026-02-11T17:14:22.799Z');
INSERT INTO "pg_stat_statements" ("userid", "dbid", "toplevel", "queryid", "query", "plans", "total_plan_time", "min_plan_time", "max_plan_time", "mean_plan_time", "stddev_plan_time", "calls", "total_exec_time", "min_exec_time", "max_exec_time", "mean_exec_time", "stddev_exec_time", "rows", "shared_blks_hit", "shared_blks_read", "shared_blks_dirtied", "shared_blks_written", "local_blks_hit", "local_blks_read", "local_blks_dirtied", "local_blks_written", "temp_blks_read", "temp_blks_written", "shared_blk_read_time", "shared_blk_write_time", "local_blk_read_time", "local_blk_write_time", "temp_blk_read_time", "temp_blk_write_time", "wal_records", "wal_fpi", "wal_bytes", "jit_functions", "jit_generation_time", "jit_inlining_count", "jit_inlining_time", "jit_optimization_count", "jit_optimization_time", "jit_emission_count", "jit_emission_time", "jit_deform_count", "jit_deform_time", "stats_since", "minmax_stats_since") VALUES (16387, 5, true, -948727184241923001, 'select count(*) from "business_locations" where "business_locations"."tenant_id" = $1', 0, 0, 0, 0, 0, 0, 35, 4.853357, 0.01128, 0.7544690000000001, 0.13866734285714288, 0.17379610377154078, 35, 63, 0, 0, 0, 0, 0, 0, 0, 0, 0, 0, 0, 0, 0, 0, 0, 0, 0, '"0"', 0, 0, 0, 0, 0, 0, 0, 0, 0, 0, '2026-02-11T17:27:35.418Z', '2026-02-11T17:27:35.418Z');
INSERT INTO "pg_stat_statements" ("userid", "dbid", "toplevel", "queryid", "query", "plans", "total_plan_time", "min_plan_time", "max_plan_time", "mean_plan_time", "stddev_plan_time", "calls", "total_exec_time", "min_exec_time", "max_exec_time", "mean_exec_time", "stddev_exec_time", "rows", "shared_blks_hit", "shared_blks_read", "shared_blks_dirtied", "shared_blks_written", "local_blks_hit", "local_blks_read", "local_blks_dirtied", "local_blks_written", "temp_blks_read", "temp_blks_written", "shared_blk_read_time", "shared_blk_write_time", "local_blk_read_time", "local_blk_write_time", "temp_blk_read_time", "temp_blk_write_time", "wal_records", "wal_fpi", "wal_bytes", "jit_functions", "jit_generation_time", "jit_inlining_count", "jit_inlining_time", "jit_optimization_count", "jit_optimization_time", "jit_emission_count", "jit_emission_time", "jit_deform_count", "jit_deform_time", "stats_since", "minmax_stats_since") VALUES (16387, 5, true, -101014053726377709, 'select count(*) from "tenants" where "tenants"."id" in ($1)', 0, 0, 0, 0, 0, 0, 1, 0.09548999999999999, 0.09548999999999999, 0.09548999999999999, 0.09548999999999999, 0, 1, 2, 0, 0, 0, 0, 0, 0, 0, 0, 0, 0, 0, 0, 0, 0, 0, 0, 0, '"0"', 0, 0, 0, 0, 0, 0, 0, 0, 0, 0, '2026-02-11T17:47:55.337Z', '2026-02-11T17:47:55.337Z');
INSERT INTO "pg_stat_statements" ("userid", "dbid", "toplevel", "queryid", "query", "plans", "total_plan_time", "min_plan_time", "max_plan_time", "mean_plan_time", "stddev_plan_time", "calls", "total_exec_time", "min_exec_time", "max_exec_time", "mean_exec_time", "stddev_exec_time", "rows", "shared_blks_hit", "shared_blks_read", "shared_blks_dirtied", "shared_blks_written", "local_blks_hit", "local_blks_read", "local_blks_dirtied", "local_blks_written", "temp_blks_read", "temp_blks_written", "shared_blk_read_time", "shared_blk_write_time", "local_blk_read_time", "local_blk_write_time", "temp_blk_read_time", "temp_blk_write_time", "wal_records", "wal_fpi", "wal_bytes", "jit_functions", "jit_generation_time", "jit_inlining_count", "jit_inlining_time", "jit_optimization_count", "jit_optimization_time", "jit_emission_count", "jit_emission_time", "jit_deform_count", "jit_deform_time", "stats_since", "minmax_stats_since") VALUES (16387, 5, true, 6733301301759873214, 'SELECT COUNT(*) FROM (SELECT "public"."tenant_link_configuration"."id" FROM "public"."tenant_link_configuration" WHERE $2=$3 OFFSET $1) AS "sub"', 0, 0, 0, 0, 0, 0, 2, 0.02067, 0.009049999999999999, 0.01162, 0.010335, 0.0012850000000000001, 2, 0, 0, 0, 0, 0, 0, 0, 0, 0, 0, 0, 0, 0, 0, 0, 0, 0, 0, '"0"', 0, 0, 0, 0, 0, 0, 0, 0, 0, 0, '2026-02-11T18:38:02.129Z', '2026-02-11T18:38:02.129Z');
INSERT INTO "pg_stat_statements" ("userid", "dbid", "toplevel", "queryid", "query", "plans", "total_plan_time", "min_plan_time", "max_plan_time", "mean_plan_time", "stddev_plan_time", "calls", "total_exec_time", "min_exec_time", "max_exec_time", "mean_exec_time", "stddev_exec_time", "rows", "shared_blks_hit", "shared_blks_read", "shared_blks_dirtied", "shared_blks_written", "local_blks_hit", "local_blks_read", "local_blks_dirtied", "local_blks_written", "temp_blks_read", "temp_blks_written", "shared_blk_read_time", "shared_blk_write_time", "local_blk_read_time", "local_blk_write_time", "temp_blk_read_time", "temp_blk_write_time", "wal_records", "wal_fpi", "wal_bytes", "jit_functions", "jit_generation_time", "jit_inlining_count", "jit_inlining_time", "jit_optimization_count", "jit_optimization_time", "jit_emission_count", "jit_emission_time", "jit_deform_count", "jit_deform_time", "stats_since", "minmax_stats_since") VALUES (16387, 5, true, -6023286925498011421, 'SELECT COUNT(*) FROM (SELECT "public"."business_partners_locales"."id" FROM "public"."business_partners_locales" WHERE $2=$3 OFFSET $1) AS "sub"', 0, 0, 0, 0, 0, 0, 2, 0.03283, 0.01295, 0.01988, 0.016415, 0.0034649999999999993, 2, 2, 0, 0, 0, 0, 0, 0, 0, 0, 0, 0, 0, 0, 0, 0, 0, 0, 0, '"0"', 0, 0, 0, 0, 0, 0, 0, 0, 0, 0, '2026-02-11T18:37:55.779Z', '2026-02-11T18:37:55.779Z');
INSERT INTO "pg_stat_statements" ("userid", "dbid", "toplevel", "queryid", "query", "plans", "total_plan_time", "min_plan_time", "max_plan_time", "mean_plan_time", "stddev_plan_time", "calls", "total_exec_time", "min_exec_time", "max_exec_time", "mean_exec_time", "stddev_exec_time", "rows", "shared_blks_hit", "shared_blks_read", "shared_blks_dirtied", "shared_blks_written", "local_blks_hit", "local_blks_read", "local_blks_dirtied", "local_blks_written", "temp_blks_read", "temp_blks_written", "shared_blk_read_time", "shared_blk_write_time", "local_blk_read_time", "local_blk_write_time", "temp_blk_read_time", "temp_blk_write_time", "wal_records", "wal_fpi", "wal_bytes", "jit_functions", "jit_generation_time", "jit_inlining_count", "jit_inlining_time", "jit_optimization_count", "jit_optimization_time", "jit_emission_count", "jit_emission_time", "jit_deform_count", "jit_deform_time", "stats_since", "minmax_stats_since") VALUES (16387, 5, true, -6081490109670664265, 'SELECT COUNT(*) FROM (SELECT "public"."payload_locked_documents"."id" FROM "public"."payload_locked_documents" WHERE $2=$3 OFFSET $1) AS "sub"', 0, 0, 0, 0, 0, 0, 2, 0.037059999999999996, 0.01763, 0.01943, 0.018529999999999998, 0.0008999999999999989, 2, 2, 0, 0, 0, 0, 0, 0, 0, 0, 0, 0, 0, 0, 0, 0, 0, 0, 0, '"0"', 0, 0, 0, 0, 0, 0, 0, 0, 0, 0, '2026-02-11T18:37:59.601Z', '2026-02-11T18:37:59.601Z');
INSERT INTO "pg_stat_statements" ("userid", "dbid", "toplevel", "queryid", "query", "plans", "total_plan_time", "min_plan_time", "max_plan_time", "mean_plan_time", "stddev_plan_time", "calls", "total_exec_time", "min_exec_time", "max_exec_time", "mean_exec_time", "stddev_exec_time", "rows", "shared_blks_hit", "shared_blks_read", "shared_blks_dirtied", "shared_blks_written", "local_blks_hit", "local_blks_read", "local_blks_dirtied", "local_blks_written", "temp_blks_read", "temp_blks_written", "shared_blk_read_time", "shared_blk_write_time", "local_blk_read_time", "local_blk_write_time", "temp_blk_read_time", "temp_blk_write_time", "wal_records", "wal_fpi", "wal_bytes", "jit_functions", "jit_generation_time", "jit_inlining_count", "jit_inlining_time", "jit_optimization_count", "jit_optimization_time", "jit_emission_count", "jit_emission_time", "jit_deform_count", "jit_deform_time", "stats_since", "minmax_stats_since") VALUES (16387, 5, true, -2675890211824249752, 'select distinct "payload_locked_documents"."id", "payload_locked_documents"."updated_at", "payload_locked_documents"."updated_at", "payload_locked_documents"."created_at", "payload_locked_documents"."created_at" from "payload_locked_documents" left join "payload_locked_documents_rels" "4dc1f5bf_fe2c_49cc_beeb_8dad2eeb80de" on ("payload_locked_documents"."id" = "4dc1f5bf_fe2c_49cc_beeb_8dad2eeb80de"."parent_id" and "4dc1f5bf_fe2c_49cc_beeb_8dad2eeb80de"."path" like $1) where ("4dc1f5bf_fe2c_49cc_beeb_8dad2eeb80de"."contact_departments_id" is not null and ("4dc1f5bf_fe2c_49cc_beeb_8dad2eeb80de"."media_id" = $2 or "4dc1f5bf_fe2c_49cc_beeb_8dad2eeb80de"."users_id" = $3 or "4dc1f5bf_fe2c_49cc_beeb_8dad2eeb80de"."tenants_id" = $4 or "4dc1f5bf_fe2c_49cc_beeb_8dad2eeb80de"."business_profile_id" = $5 or "4dc1f5bf_fe2c_49cc_beeb_8dad2eeb80de"."business_themes_id" = $6 or "4dc1f5bf_fe2c_49cc_beeb_8dad2eeb80de"."about_business_id" = $7 or "4dc1f5bf_fe2c_49cc_beeb_8dad2eeb80de"."image_galleries_id" = $8 or "4dc1f5bf_fe2c_49cc_beeb_8dad2eeb80de"."contact_departments_id" = $9 or "4dc1f5bf_fe2c_49cc_beeb_8dad2eeb80de"."social_links_id" = $10 or "4dc1f5bf_fe2c_49cc_beeb_8dad2eeb80de"."business_services_id" = $11 or "4dc1f5bf_fe2c_49cc_beeb_8dad2eeb80de"."business_partners_id" = $12 or "4dc1f5bf_fe2c_49cc_beeb_8dad2eeb80de"."business_locations_id" = $13 or "4dc1f5bf_fe2c_49cc_beeb_8dad2eeb80de"."section_titles_id" = $14 or "4dc1f5bf_fe2c_49cc_beeb_8dad2eeb80de"."tenant_link_configuration_id" = $15 or "4dc1f5bf_fe2c_49cc_beeb_8dad2eeb80de"."partners_carousel_settings_id" = $16)) order by "payload_locked_documents"."updated_at" desc, "payload_locked_documents"."created_at" desc limit $17', 0, 0, 0, 0, 0, 0, 3, 0.29638899999999996, 0.07662, 0.14210899999999999, 0.09879633333333332, 0.030629623137667813, 3, 24, 0, 0, 0, 0, 0, 0, 0, 0, 0, 0, 0, 0, 0, 0, 0, 0, 0, '"0"', 0, 0, 0, 0, 0, 0, 0, 0, 0, 0, '2026-02-11T17:48:08.980Z', '2026-02-11T17:48:08.980Z');
INSERT INTO "pg_stat_statements" ("userid", "dbid", "toplevel", "queryid", "query", "plans", "total_plan_time", "min_plan_time", "max_plan_time", "mean_plan_time", "stddev_plan_time", "calls", "total_exec_time", "min_exec_time", "max_exec_time", "mean_exec_time", "stddev_exec_time", "rows", "shared_blks_hit", "shared_blks_read", "shared_blks_dirtied", "shared_blks_written", "local_blks_hit", "local_blks_read", "local_blks_dirtied", "local_blks_written", "temp_blks_read", "temp_blks_written", "shared_blk_read_time", "shared_blk_write_time", "local_blk_read_time", "local_blk_write_time", "temp_blk_read_time", "temp_blk_write_time", "wal_records", "wal_fpi", "wal_bytes", "jit_functions", "jit_generation_time", "jit_inlining_count", "jit_inlining_time", "jit_optimization_count", "jit_optimization_time", "jit_emission_count", "jit_emission_time", "jit_deform_count", "jit_deform_time", "stats_since", "minmax_stats_since") VALUES (16387, 5, true, 3107096619839184129, 'select "contact_departments"."id", "contact_departments"."tenant_id", "contact_departments"."whatsapp", "contact_departments"."telegram", "contact_departments"."sms", "contact_departments"."telephone", "contact_departments"."order", "contact_departments"."updated_at", "contact_departments"."created_at", "contact_departments__locales"."data" as "_locales" from "contact_departments" "contact_departments" left join lateral (select coalesce(json_agg(json_build_array("contact_departments__locales"."title", "contact_departments__locales"."phone", "contact_departments__locales"."_locale")), $3::json) as "data" from "contact_departments_locales" "contact_departments__locales" where "contact_departments__locales"."_parent_id" = "contact_departments"."id") "contact_departments__locales" on $4 where "contact_departments"."id" = $1 limit $2', 0, 0, 0, 0, 0, 0, 3, 0.12359, 0.03468, 0.04906, 0.041196666666666666, 0.005947337406118994, 3, 9, 0, 0, 0, 0, 0, 0, 0, 0, 0, 0, 0, 0, 0, 0, 0, 0, 0, '"0"', 0, 0, 0, 0, 0, 0, 0, 0, 0, 0, '2026-02-11T17:48:09.086Z', '2026-02-11T17:48:09.086Z');
INSERT INTO "pg_stat_statements" ("userid", "dbid", "toplevel", "queryid", "query", "plans", "total_plan_time", "min_plan_time", "max_plan_time", "mean_plan_time", "stddev_plan_time", "calls", "total_exec_time", "min_exec_time", "max_exec_time", "mean_exec_time", "stddev_exec_time", "rows", "shared_blks_hit", "shared_blks_read", "shared_blks_dirtied", "shared_blks_written", "local_blks_hit", "local_blks_read", "local_blks_dirtied", "local_blks_written", "temp_blks_read", "temp_blks_written", "shared_blk_read_time", "shared_blk_write_time", "local_blk_read_time", "local_blk_write_time", "temp_blk_read_time", "temp_blk_write_time", "wal_records", "wal_fpi", "wal_bytes", "jit_functions", "jit_generation_time", "jit_inlining_count", "jit_inlining_time", "jit_optimization_count", "jit_optimization_time", "jit_emission_count", "jit_emission_time", "jit_deform_count", "jit_deform_time", "stats_since", "minmax_stats_since") VALUES (10, 5, true, -8839784025226437398, 'select b.oid, b.typarray
      from pg_catalog.pg_type a
      left join pg_catalog.pg_type b on b.oid = a.typelem
      where a.typcategory = $1
      group by b.oid, b.typarray
      order by b.oid', 0, 0, 0, 0, 0, 0, 13, 10.019295, 0.47076, 2.1813190000000002, 0.7707149999999999, 0.48397349558389285, 4368, 481, 0, 0, 0, 0, 0, 0, 0, 0, 0, 0, 0, 0, 0, 0, 0, 0, 0, '"0"', 0, 0, 0, 0, 0, 0, 0, 0, 0, 0, '2026-02-11T17:14:22.791Z', '2026-02-11T17:14:22.791Z');
INSERT INTO "pg_stat_statements" ("userid", "dbid", "toplevel", "queryid", "query", "plans", "total_plan_time", "min_plan_time", "max_plan_time", "mean_plan_time", "stddev_plan_time", "calls", "total_exec_time", "min_exec_time", "max_exec_time", "mean_exec_time", "stddev_exec_time", "rows", "shared_blks_hit", "shared_blks_read", "shared_blks_dirtied", "shared_blks_written", "local_blks_hit", "local_blks_read", "local_blks_dirtied", "local_blks_written", "temp_blks_read", "temp_blks_written", "shared_blk_read_time", "shared_blk_write_time", "local_blk_read_time", "local_blk_write_time", "temp_blk_read_time", "temp_blk_write_time", "wal_records", "wal_fpi", "wal_bytes", "jit_functions", "jit_generation_time", "jit_inlining_count", "jit_inlining_time", "jit_optimization_count", "jit_optimization_time", "jit_emission_count", "jit_emission_time", "jit_deform_count", "jit_deform_time", "stats_since", "minmax_stats_since") VALUES (16387, 5, true, 5545718832410583857, 'select "business_profile"."id", "business_profile"."tenant_id", "business_profile"."logo_light_id", "business_profile"."logo_dark_id", "business_profile"."updated_at", "business_profile"."created_at", "business_profile__locales"."data" as "_locales" from "business_profile" "business_profile" left join lateral (select coalesce(json_agg(json_build_array("business_profile__locales"."business_name", "business_profile__locales"."slogan", "business_profile__locales"."_locale")), $3::json) as "data" from "business_profile_locales" "business_profile__locales" where "business_profile__locales"."_parent_id" = "business_profile"."id") "business_profile__locales" on $4 where "business_profile"."tenant_id" = $1 order by "business_profile"."created_at" desc limit $2', 0, 0, 0, 0, 0, 0, 34, 10.766192, 0.018709999999999997, 4.948297, 0.31665270588235295, 0.8833122646827855, 27, 188, 0, 0, 0, 0, 0, 0, 0, 0, 0, 0, 0, 0, 0, 0, 0, 0, 0, '"0"', 0, 0, 0, 0, 0, 0, 0, 0, 0, 0, '2026-02-11T17:27:35.373Z', '2026-02-11T17:27:35.373Z');
INSERT INTO "pg_stat_statements" ("userid", "dbid", "toplevel", "queryid", "query", "plans", "total_plan_time", "min_plan_time", "max_plan_time", "mean_plan_time", "stddev_plan_time", "calls", "total_exec_time", "min_exec_time", "max_exec_time", "mean_exec_time", "stddev_exec_time", "rows", "shared_blks_hit", "shared_blks_read", "shared_blks_dirtied", "shared_blks_written", "local_blks_hit", "local_blks_read", "local_blks_dirtied", "local_blks_written", "temp_blks_read", "temp_blks_written", "shared_blk_read_time", "shared_blk_write_time", "local_blk_read_time", "local_blk_write_time", "temp_blk_read_time", "temp_blk_write_time", "wal_records", "wal_fpi", "wal_bytes", "jit_functions", "jit_generation_time", "jit_inlining_count", "jit_inlining_time", "jit_optimization_count", "jit_optimization_time", "jit_emission_count", "jit_emission_time", "jit_deform_count", "jit_deform_time", "stats_since", "minmax_stats_since") VALUES (16387, 5, true, 3687818442124958258, 'SELECT "public"."about_business_locales"."id", "public"."about_business_locales"."description", "public"."about_business_locales"."_locale"::text, "public"."about_business_locales"."_parent_id" FROM "public"."about_business_locales" WHERE $3=$4 ORDER BY "public"."about_business_locales"."id" ASC LIMIT $1 OFFSET $2', 0, 0, 0, 0, 0, 0, 1, 0.15101900000000001, 0.15101900000000001, 0.15101900000000001, 0.15101900000000001, 0, 2, 8, 0, 1, 0, 0, 0, 0, 0, 0, 0, 0, 0, 0, 0, 0, 0, 0, 0, '"0"', 0, 0, 0, 0, 0, 0, 0, 0, 0, 0, '2026-02-11T18:38:19.085Z', '2026-02-11T18:38:19.085Z');
INSERT INTO "pg_stat_statements" ("userid", "dbid", "toplevel", "queryid", "query", "plans", "total_plan_time", "min_plan_time", "max_plan_time", "mean_plan_time", "stddev_plan_time", "calls", "total_exec_time", "min_exec_time", "max_exec_time", "mean_exec_time", "stddev_exec_time", "rows", "shared_blks_hit", "shared_blks_read", "shared_blks_dirtied", "shared_blks_written", "local_blks_hit", "local_blks_read", "local_blks_dirtied", "local_blks_written", "temp_blks_read", "temp_blks_written", "shared_blk_read_time", "shared_blk_write_time", "local_blk_read_time", "local_blk_write_time", "temp_blk_read_time", "temp_blk_write_time", "wal_records", "wal_fpi", "wal_bytes", "jit_functions", "jit_generation_time", "jit_inlining_count", "jit_inlining_time", "jit_optimization_count", "jit_optimization_time", "jit_emission_count", "jit_emission_time", "jit_deform_count", "jit_deform_time", "stats_since", "minmax_stats_since") VALUES (16387, 5, true, -1680934092359108448, 'update "payload_locked_documents" set "updated_at" = $1 where "payload_locked_documents"."id" = $2', 0, 0, 0, 0, 0, 0, 2, 0.23112, 0.055439999999999996, 0.17568, 0.11556, 0.06012, 2, 22, 0, 0, 0, 0, 0, 0, 0, 0, 0, 0, 0, 0, 0, 0, 0, 10, 0, '"724"', 0, 0, 0, 0, 0, 0, 0, 0, 0, 0, '2026-02-11T17:48:36.861Z', '2026-02-11T17:48:36.861Z');
INSERT INTO "pg_stat_statements" ("userid", "dbid", "toplevel", "queryid", "query", "plans", "total_plan_time", "min_plan_time", "max_plan_time", "mean_plan_time", "stddev_plan_time", "calls", "total_exec_time", "min_exec_time", "max_exec_time", "mean_exec_time", "stddev_exec_time", "rows", "shared_blks_hit", "shared_blks_read", "shared_blks_dirtied", "shared_blks_written", "local_blks_hit", "local_blks_read", "local_blks_dirtied", "local_blks_written", "temp_blks_read", "temp_blks_written", "shared_blk_read_time", "shared_blk_write_time", "local_blk_read_time", "local_blk_write_time", "temp_blk_read_time", "temp_blk_write_time", "wal_records", "wal_fpi", "wal_bytes", "jit_functions", "jit_generation_time", "jit_inlining_count", "jit_inlining_time", "jit_optimization_count", "jit_optimization_time", "jit_emission_count", "jit_emission_time", "jit_deform_count", "jit_deform_time", "stats_since", "minmax_stats_since") VALUES (16387, 5, true, 2880798773255656012, 'SELECT * FROM "payload_kv"', 0, 0, 0, 0, 0, 0, 1, 0.0061, 0.0061, 0.0061, 0.0061, 0, 0, 0, 0, 0, 0, 0, 0, 0, 0, 0, 0, 0, 0, 0, 0, 0, 0, 0, 0, '"0"', 0, 0, 0, 0, 0, 0, 0, 0, 0, 0, '2026-02-11T18:53:14.680Z', '2026-02-11T18:53:14.680Z');
INSERT INTO "pg_stat_statements" ("userid", "dbid", "toplevel", "queryid", "query", "plans", "total_plan_time", "min_plan_time", "max_plan_time", "mean_plan_time", "stddev_plan_time", "calls", "total_exec_time", "min_exec_time", "max_exec_time", "mean_exec_time", "stddev_exec_time", "rows", "shared_blks_hit", "shared_blks_read", "shared_blks_dirtied", "shared_blks_written", "local_blks_hit", "local_blks_read", "local_blks_dirtied", "local_blks_written", "temp_blks_read", "temp_blks_written", "shared_blk_read_time", "shared_blk_write_time", "local_blk_read_time", "local_blk_write_time", "temp_blk_read_time", "temp_blk_write_time", "wal_records", "wal_fpi", "wal_bytes", "jit_functions", "jit_generation_time", "jit_inlining_count", "jit_inlining_time", "jit_optimization_count", "jit_optimization_time", "jit_emission_count", "jit_emission_time", "jit_deform_count", "jit_deform_time", "stats_since", "minmax_stats_since") VALUES (16387, 5, true, -6483849634653788170, 'insert into "payload_locked_documents" ("id", "global_slug", "updated_at", "created_at") values (default, default, $1, $2) returning "id", "global_slug", "updated_at", "created_at"', 0, 0, 0, 0, 0, 0, 3, 0.574669, 0.14229999999999998, 0.22444899999999998, 0.19155633333333333, 0.035477145134422655, 3, 24, 0, 8, 0, 0, 0, 0, 0, 0, 0, 0, 0, 0, 0, 0, 0, 15, 10, '"4383"', 0, 0, 0, 0, 0, 0, 0, 0, 0, 0, '2026-02-11T17:48:02.972Z', '2026-02-11T17:48:02.972Z');
INSERT INTO "pg_stat_statements" ("userid", "dbid", "toplevel", "queryid", "query", "plans", "total_plan_time", "min_plan_time", "max_plan_time", "mean_plan_time", "stddev_plan_time", "calls", "total_exec_time", "min_exec_time", "max_exec_time", "mean_exec_time", "stddev_exec_time", "rows", "shared_blks_hit", "shared_blks_read", "shared_blks_dirtied", "shared_blks_written", "local_blks_hit", "local_blks_read", "local_blks_dirtied", "local_blks_written", "temp_blks_read", "temp_blks_written", "shared_blk_read_time", "shared_blk_write_time", "local_blk_read_time", "local_blk_write_time", "temp_blk_read_time", "temp_blk_write_time", "wal_records", "wal_fpi", "wal_bytes", "jit_functions", "jit_generation_time", "jit_inlining_count", "jit_inlining_time", "jit_optimization_count", "jit_optimization_time", "jit_emission_count", "jit_emission_time", "jit_deform_count", "jit_deform_time", "stats_since", "minmax_stats_since") VALUES (16387, 5, true, 2485172819194406525, 'SELECT
    schemainfo.nspname AS namespace,
    tableinfo.relname AS table_name,
	constr.conname AS constraint_name,
	constr.contype AS constraint_type,
	pg_get_constraintdef(constr.oid) AS constraint_definition,
	constr.condeferrable AS is_deferrable,
	constr.condeferred AS is_deferred
FROM pg_constraint constr
JOIN pg_class AS tableinfo
	ON tableinfo.oid = constr.conrelid
JOIN pg_namespace AS schemainfo
	ON schemainfo.oid = tableinfo.relnamespace
WHERE schemainfo.nspname = ANY ( $1 )
	AND contype NOT IN ($2, $3, $4)
ORDER BY namespace, table_name, constr.contype, constraint_name', 0, 0, 0, 0, 0, 0, 1, 0.09866, 0.09866, 0.09866, 0.09866, 0, 0, 14, 0, 0, 0, 0, 0, 0, 0, 0, 0, 0, 0, 0, 0, 0, 0, 0, 0, '"0"', 0, 0, 0, 0, 0, 0, 0, 0, 0, 0, '2026-02-11T18:32:35.990Z', '2026-02-11T18:32:35.990Z');
INSERT INTO "pg_stat_statements" ("userid", "dbid", "toplevel", "queryid", "query", "plans", "total_plan_time", "min_plan_time", "max_plan_time", "mean_plan_time", "stddev_plan_time", "calls", "total_exec_time", "min_exec_time", "max_exec_time", "mean_exec_time", "stddev_exec_time", "rows", "shared_blks_hit", "shared_blks_read", "shared_blks_dirtied", "shared_blks_written", "local_blks_hit", "local_blks_read", "local_blks_dirtied", "local_blks_written", "temp_blks_read", "temp_blks_written", "shared_blk_read_time", "shared_blk_write_time", "local_blk_read_time", "local_blk_write_time", "temp_blk_read_time", "temp_blk_write_time", "wal_records", "wal_fpi", "wal_bytes", "jit_functions", "jit_generation_time", "jit_inlining_count", "jit_inlining_time", "jit_optimization_count", "jit_optimization_time", "jit_emission_count", "jit_emission_time", "jit_deform_count", "jit_deform_time", "stats_since", "minmax_stats_since") VALUES (16387, 5, true, -4016397711002255999, 'select "users"."id", "users"."role", "users"."tenant_id", "users"."updated_at", "users"."created_at", "users"."email", "users"."reset_password_token", "users"."reset_password_expiration", "users"."salt", "users"."hash", "users"."login_attempts", "users"."lock_until", "users_sessions"."data" as "sessions" from "users" "users" left join lateral (select coalesce(json_agg(json_build_array("users_sessions"."_order", "users_sessions"."id", "users_sessions"."created_at", "users_sessions"."expires_at") order by "users_sessions"."_order" asc), $3::json) as "data" from (select * from "users_sessions" "users_sessions" where "users_sessions"."_parent_id" = "users"."id" order by "users_sessions"."_order" asc) "users_sessions") "users_sessions" on $4 where "users"."id" = $1 order by "users"."created_at" desc limit $2', 0, 0, 0, 0, 0, 0, 33, 4.692265, 0.06866, 0.795289, 0.14218984848484853, 0.13598453711162123, 33, 212, 0, 0, 0, 0, 0, 0, 0, 0, 0, 0, 0, 0, 0, 0, 0, 0, 0, '"0"', 0, 0, 0, 0, 0, 0, 0, 0, 0, 0, '2026-02-11T17:47:51.418Z', '2026-02-11T17:47:51.418Z');
INSERT INTO "pg_stat_statements" ("userid", "dbid", "toplevel", "queryid", "query", "plans", "total_plan_time", "min_plan_time", "max_plan_time", "mean_plan_time", "stddev_plan_time", "calls", "total_exec_time", "min_exec_time", "max_exec_time", "mean_exec_time", "stddev_exec_time", "rows", "shared_blks_hit", "shared_blks_read", "shared_blks_dirtied", "shared_blks_written", "local_blks_hit", "local_blks_read", "local_blks_dirtied", "local_blks_written", "temp_blks_read", "temp_blks_written", "shared_blk_read_time", "shared_blk_write_time", "local_blk_read_time", "local_blk_write_time", "temp_blk_read_time", "temp_blk_write_time", "wal_records", "wal_fpi", "wal_bytes", "jit_functions", "jit_generation_time", "jit_inlining_count", "jit_inlining_time", "jit_optimization_count", "jit_optimization_time", "jit_emission_count", "jit_emission_time", "jit_deform_count", "jit_deform_time", "stats_since", "minmax_stats_since") VALUES (16387, 5, true, -4283086723805337284, 'select count(*) from "business_partners" where "business_partners"."tenant_id" = $1', 0, 0, 0, 0, 0, 0, 37, 3.344417, 0.008060000000000001, 0.7991699999999999, 0.09038964864864864, 0.12994210321965247, 37, 67, 0, 0, 0, 0, 0, 0, 0, 0, 0, 0, 0, 0, 0, 0, 0, 0, 0, '"0"', 0, 0, 0, 0, 0, 0, 0, 0, 0, 0, '2026-02-11T17:27:35.363Z', '2026-02-11T17:27:35.363Z');
INSERT INTO "pg_stat_statements" ("userid", "dbid", "toplevel", "queryid", "query", "plans", "total_plan_time", "min_plan_time", "max_plan_time", "mean_plan_time", "stddev_plan_time", "calls", "total_exec_time", "min_exec_time", "max_exec_time", "mean_exec_time", "stddev_exec_time", "rows", "shared_blks_hit", "shared_blks_read", "shared_blks_dirtied", "shared_blks_written", "local_blks_hit", "local_blks_read", "local_blks_dirtied", "local_blks_written", "temp_blks_read", "temp_blks_written", "shared_blk_read_time", "shared_blk_write_time", "local_blk_read_time", "local_blk_write_time", "temp_blk_read_time", "temp_blk_write_time", "wal_records", "wal_fpi", "wal_bytes", "jit_functions", "jit_generation_time", "jit_inlining_count", "jit_inlining_time", "jit_optimization_count", "jit_optimization_time", "jit_emission_count", "jit_emission_time", "jit_deform_count", "jit_deform_time", "stats_since", "minmax_stats_since") VALUES (16387, 5, true, 6133229353441081132, 'insert into "payload_locked_documents_rels" ("id", "order", "parent_id", "path", "media_id", "users_id", "tenants_id", "business_profile_id", "business_themes_id", "about_business_id", "image_galleries_id", "contact_departments_id", "social_links_id", "business_services_id", "business_partners_id", "business_locations_id", "section_titles_id", "tenant_link_configuration_id", "partners_carousel_settings_id") values (default, default, $1, $2, default, default, default, default, default, default, default, $3, default, default, default, default, default, default, default), (default, default, $4, $5, default, $6, default, default, default, default, default, default, default, default, default, default, default, default, default) returning "id", "order", "parent_id", "path", "media_id", "users_id", "tenants_id", "business_profile_id", "business_themes_id", "about_business_id", "image_galleries_id", "contact_departments_id", "social_links_id", "business_services_id", "business_partners_id", "business_locations_id", "section_titles_id", "tenant_link_configuration_id", "partners_carousel_settings_id"', 0, 0, 0, 0, 0, 0, 3, 8.796464, 2.641448, 3.095628, 2.932154666666667, 0.2060923885596512, 6, 1086, 0, 45, 0, 0, 0, 0, 0, 0, 0, 0, 0, 0, 0, 0, 0, 131, 44, '"56780"', 0, 0, 0, 0, 0, 0, 0, 0, 0, 0, '2026-02-11T17:48:02.986Z', '2026-02-11T17:48:02.986Z');
INSERT INTO "pg_stat_statements" ("userid", "dbid", "toplevel", "queryid", "query", "plans", "total_plan_time", "min_plan_time", "max_plan_time", "mean_plan_time", "stddev_plan_time", "calls", "total_exec_time", "min_exec_time", "max_exec_time", "mean_exec_time", "stddev_exec_time", "rows", "shared_blks_hit", "shared_blks_read", "shared_blks_dirtied", "shared_blks_written", "local_blks_hit", "local_blks_read", "local_blks_dirtied", "local_blks_written", "temp_blks_read", "temp_blks_written", "shared_blk_read_time", "shared_blk_write_time", "local_blk_read_time", "local_blk_write_time", "temp_blk_read_time", "temp_blk_write_time", "wal_records", "wal_fpi", "wal_bytes", "jit_functions", "jit_generation_time", "jit_inlining_count", "jit_inlining_time", "jit_optimization_count", "jit_optimization_time", "jit_emission_count", "jit_emission_time", "jit_deform_count", "jit_deform_time", "stats_since", "minmax_stats_since") VALUES (16387, 5, true, 65899757900385024, 'SELECT COUNT(*) FROM (SELECT "public"."social_links_locales"."id" FROM "public"."social_links_locales" WHERE $2=$3 OFFSET $1) AS "sub"', 0, 0, 0, 0, 0, 0, 2, 0.0361, 0.01579, 0.02031, 0.01805, 0.0022600000000000016, 2, 2, 0, 0, 0, 0, 0, 0, 0, 0, 0, 0, 0, 0, 0, 0, 0, 0, 0, '"0"', 0, 0, 0, 0, 0, 0, 0, 0, 0, 0, '2026-02-11T18:38:01.850Z', '2026-02-11T18:38:01.850Z');
INSERT INTO "pg_stat_statements" ("userid", "dbid", "toplevel", "queryid", "query", "plans", "total_plan_time", "min_plan_time", "max_plan_time", "mean_plan_time", "stddev_plan_time", "calls", "total_exec_time", "min_exec_time", "max_exec_time", "mean_exec_time", "stddev_exec_time", "rows", "shared_blks_hit", "shared_blks_read", "shared_blks_dirtied", "shared_blks_written", "local_blks_hit", "local_blks_read", "local_blks_dirtied", "local_blks_written", "temp_blks_read", "temp_blks_written", "shared_blk_read_time", "shared_blk_write_time", "local_blk_read_time", "local_blk_write_time", "temp_blk_read_time", "temp_blk_write_time", "wal_records", "wal_fpi", "wal_bytes", "jit_functions", "jit_generation_time", "jit_inlining_count", "jit_inlining_time", "jit_optimization_count", "jit_optimization_time", "jit_emission_count", "jit_emission_time", "jit_deform_count", "jit_deform_time", "stats_since", "minmax_stats_since") VALUES (16387, 5, true, -8139155412288679794, 'select "id", "tenant_id", "alt", "updated_at", "created_at", "url", "thumbnail_u_r_l", "filename", "mime_type", "filesize", "width", "height", "focal_x", "focal_y", "sizes_thumbnail_url", "sizes_thumbnail_width", "sizes_thumbnail_height", "sizes_thumbnail_mime_type", "sizes_thumbnail_filesize", "sizes_thumbnail_filename", "sizes_square_url", "sizes_square_width", "sizes_square_height", "sizes_square_mime_type", "sizes_square_filesize", "sizes_square_filename", "sizes_small_url", "sizes_small_width", "sizes_small_height", "sizes_small_mime_type", "sizes_small_filesize", "sizes_small_filename", "sizes_medium_url", "sizes_medium_width", "sizes_medium_height", "sizes_medium_mime_type", "sizes_medium_filesize", "sizes_medium_filename", "sizes_large_url", "sizes_large_width", "sizes_large_height", "sizes_large_mime_type", "sizes_large_filesize", "sizes_large_filename", "sizes_xlarge_url", "sizes_xlarge_width", "sizes_xlarge_height", "sizes_xlarge_mime_type", "sizes_xlarge_filesize", "sizes_xlarge_filename" from "media" "media" where "media"."id" in ($1, $2, $3) order by "media"."created_at" desc', 0, 0, 0, 0, 0, 0, 25, 0.82633, 0.02074, 0.06681000000000001, 0.033053200000000005, 0.00979488385638135, 75, 25, 0, 0, 0, 0, 0, 0, 0, 0, 0, 0, 0, 0, 0, 0, 0, 0, 0, '"0"', 0, 0, 0, 0, 0, 0, 0, 0, 0, 0, '2026-02-11T17:33:14.092Z', '2026-02-11T17:33:14.092Z');
INSERT INTO "pg_stat_statements" ("userid", "dbid", "toplevel", "queryid", "query", "plans", "total_plan_time", "min_plan_time", "max_plan_time", "mean_plan_time", "stddev_plan_time", "calls", "total_exec_time", "min_exec_time", "max_exec_time", "mean_exec_time", "stddev_exec_time", "rows", "shared_blks_hit", "shared_blks_read", "shared_blks_dirtied", "shared_blks_written", "local_blks_hit", "local_blks_read", "local_blks_dirtied", "local_blks_written", "temp_blks_read", "temp_blks_written", "shared_blk_read_time", "shared_blk_write_time", "local_blk_read_time", "local_blk_write_time", "temp_blk_read_time", "temp_blk_write_time", "wal_records", "wal_fpi", "wal_bytes", "jit_functions", "jit_generation_time", "jit_inlining_count", "jit_inlining_time", "jit_optimization_count", "jit_optimization_time", "jit_emission_count", "jit_emission_time", "jit_deform_count", "jit_deform_time", "stats_since", "minmax_stats_since") VALUES (16387, 5, true, 6641790498451166672, 'select count(*) from "contact_departments" where "contact_departments"."tenant_id" = $1', 0, 0, 0, 0, 0, 0, 39, 2.6145490000000002, 0.00826, 0.13708, 0.06703971794871795, 0.04230437181078407, 39, 71, 0, 0, 0, 0, 0, 0, 0, 0, 0, 0, 0, 0, 0, 0, 0, 0, 0, '"0"', 0, 0, 0, 0, 0, 0, 0, 0, 0, 0, '2026-02-11T17:27:35.350Z', '2026-02-11T17:27:35.350Z');
INSERT INTO "pg_stat_statements" ("userid", "dbid", "toplevel", "queryid", "query", "plans", "total_plan_time", "min_plan_time", "max_plan_time", "mean_plan_time", "stddev_plan_time", "calls", "total_exec_time", "min_exec_time", "max_exec_time", "mean_exec_time", "stddev_exec_time", "rows", "shared_blks_hit", "shared_blks_read", "shared_blks_dirtied", "shared_blks_written", "local_blks_hit", "local_blks_read", "local_blks_dirtied", "local_blks_written", "temp_blks_read", "temp_blks_written", "shared_blk_read_time", "shared_blk_write_time", "local_blk_read_time", "local_blk_write_time", "temp_blk_read_time", "temp_blk_write_time", "wal_records", "wal_fpi", "wal_bytes", "jit_functions", "jit_generation_time", "jit_inlining_count", "jit_inlining_time", "jit_optimization_count", "jit_optimization_time", "jit_emission_count", "jit_emission_time", "jit_deform_count", "jit_deform_time", "stats_since", "minmax_stats_since") VALUES (16387, 5, true, -8432070877338425269, 'SELECT COUNT(*) FROM (SELECT "public"."users"."id" FROM "public"."users" WHERE $2=$3 OFFSET $1) AS "sub"', 0, 0, 0, 0, 0, 0, 2, 0.07082, 0.02561, 0.04521, 0.03541, 0.009799999999999998, 2, 10, 0, 0, 0, 0, 0, 0, 0, 0, 0, 0, 0, 0, 0, 0, 0, 0, 0, '"0"', 0, 0, 0, 0, 0, 0, 0, 0, 0, 0, '2026-02-11T18:38:02.679Z', '2026-02-11T18:38:02.679Z');
INSERT INTO "pg_stat_statements" ("userid", "dbid", "toplevel", "queryid", "query", "plans", "total_plan_time", "min_plan_time", "max_plan_time", "mean_plan_time", "stddev_plan_time", "calls", "total_exec_time", "min_exec_time", "max_exec_time", "mean_exec_time", "stddev_exec_time", "rows", "shared_blks_hit", "shared_blks_read", "shared_blks_dirtied", "shared_blks_written", "local_blks_hit", "local_blks_read", "local_blks_dirtied", "local_blks_written", "temp_blks_read", "temp_blks_written", "shared_blk_read_time", "shared_blk_write_time", "local_blk_read_time", "local_blk_write_time", "temp_blk_read_time", "temp_blk_write_time", "wal_records", "wal_fpi", "wal_bytes", "jit_functions", "jit_generation_time", "jit_inlining_count", "jit_inlining_time", "jit_optimization_count", "jit_optimization_time", "jit_emission_count", "jit_emission_time", "jit_deform_count", "jit_deform_time", "stats_since", "minmax_stats_since") VALUES (16387, 5, true, 4637042119784782747, 'SELECT COUNT(*) FROM (SELECT "public"."section_titles"."id" FROM "public"."section_titles" WHERE $2=$3 OFFSET $1) AS "sub"', 0, 0, 0, 0, 0, 0, 2, 0.03518, 0.01611, 0.01907, 0.01759, 0.0014800000000000013, 2, 2, 0, 0, 0, 0, 0, 0, 0, 0, 0, 0, 0, 0, 0, 0, 0, 0, 0, '"0"', 0, 0, 0, 0, 0, 0, 0, 0, 0, 0, '2026-02-11T18:38:01.023Z', '2026-02-11T18:38:01.023Z');
INSERT INTO "pg_stat_statements" ("userid", "dbid", "toplevel", "queryid", "query", "plans", "total_plan_time", "min_plan_time", "max_plan_time", "mean_plan_time", "stddev_plan_time", "calls", "total_exec_time", "min_exec_time", "max_exec_time", "mean_exec_time", "stddev_exec_time", "rows", "shared_blks_hit", "shared_blks_read", "shared_blks_dirtied", "shared_blks_written", "local_blks_hit", "local_blks_read", "local_blks_dirtied", "local_blks_written", "temp_blks_read", "temp_blks_written", "shared_blk_read_time", "shared_blk_write_time", "local_blk_read_time", "local_blk_write_time", "temp_blk_read_time", "temp_blk_write_time", "wal_records", "wal_fpi", "wal_bytes", "jit_functions", "jit_generation_time", "jit_inlining_count", "jit_inlining_time", "jit_optimization_count", "jit_optimization_time", "jit_emission_count", "jit_emission_time", "jit_deform_count", "jit_deform_time", "stats_since", "minmax_stats_since") VALUES (16387, 5, true, 4020192944460321044, 'SELECT * FROM "business_locations"', 0, 0, 0, 0, 0, 0, 1, 0.0346, 0.0346, 0.0346, 0.0346, 0, 2, 1, 0, 0, 0, 0, 0, 0, 0, 0, 0, 0, 0, 0, 0, 0, 0, 0, 0, '"0"', 0, 0, 0, 0, 0, 0, 0, 0, 0, 0, '2026-02-11T18:53:19.863Z', '2026-02-11T18:53:19.863Z');
INSERT INTO "pg_stat_statements" ("userid", "dbid", "toplevel", "queryid", "query", "plans", "total_plan_time", "min_plan_time", "max_plan_time", "mean_plan_time", "stddev_plan_time", "calls", "total_exec_time", "min_exec_time", "max_exec_time", "mean_exec_time", "stddev_exec_time", "rows", "shared_blks_hit", "shared_blks_read", "shared_blks_dirtied", "shared_blks_written", "local_blks_hit", "local_blks_read", "local_blks_dirtied", "local_blks_written", "temp_blks_read", "temp_blks_written", "shared_blk_read_time", "shared_blk_write_time", "local_blk_read_time", "local_blk_write_time", "temp_blk_read_time", "temp_blk_write_time", "wal_records", "wal_fpi", "wal_bytes", "jit_functions", "jit_generation_time", "jit_inlining_count", "jit_inlining_time", "jit_optimization_count", "jit_optimization_time", "jit_emission_count", "jit_emission_time", "jit_deform_count", "jit_deform_time", "stats_since", "minmax_stats_since") VALUES (16387, 5, true, -6304766044416631239, 'SELECT "public"."about_business_locales"."id", "public"."about_business_locales"."description", "public"."about_business_locales"."_locale"::text, "public"."about_business_locales"."_parent_id" FROM "public"."about_business_locales" WHERE "public"."about_business_locales"."id" IN ($1,$2) OFFSET $3', 0, 0, 0, 0, 0, 0, 1, 0.07564, 0.07564, 0.07564, 0.07564, 0, 2, 7, 0, 0, 0, 0, 0, 0, 0, 0, 0, 0, 0, 0, 0, 0, 0, 0, 0, '"0"', 0, 0, 0, 0, 0, 0, 0, 0, 0, 0, '2026-02-11T18:38:21.029Z', '2026-02-11T18:38:21.029Z');
INSERT INTO "pg_stat_statements" ("userid", "dbid", "toplevel", "queryid", "query", "plans", "total_plan_time", "min_plan_time", "max_plan_time", "mean_plan_time", "stddev_plan_time", "calls", "total_exec_time", "min_exec_time", "max_exec_time", "mean_exec_time", "stddev_exec_time", "rows", "shared_blks_hit", "shared_blks_read", "shared_blks_dirtied", "shared_blks_written", "local_blks_hit", "local_blks_read", "local_blks_dirtied", "local_blks_written", "temp_blks_read", "temp_blks_written", "shared_blk_read_time", "shared_blk_write_time", "local_blk_read_time", "local_blk_write_time", "temp_blk_read_time", "temp_blk_write_time", "wal_records", "wal_fpi", "wal_bytes", "jit_functions", "jit_generation_time", "jit_inlining_count", "jit_inlining_time", "jit_optimization_count", "jit_optimization_time", "jit_emission_count", "jit_emission_time", "jit_deform_count", "jit_deform_time", "stats_since", "minmax_stats_since") VALUES (16387, 5, true, -8321292284066133207, 'SELECT COUNT(*) FROM (SELECT "public"."partners_carousel_settings"."id" FROM "public"."partners_carousel_settings" WHERE $2=$3 OFFSET $1) AS "sub"', 0, 0, 0, 0, 0, 0, 2, 0.028500000000000004, 0.01274, 0.015760000000000003, 0.014250000000000002, 0.0015100000000000022, 2, 2, 0, 0, 0, 0, 0, 0, 0, 0, 0, 0, 0, 0, 0, 0, 0, 0, 0, '"0"', 0, 0, 0, 0, 0, 0, 0, 0, 0, 0, '2026-02-11T18:37:59.027Z', '2026-02-11T18:37:59.027Z');
INSERT INTO "pg_stat_statements" ("userid", "dbid", "toplevel", "queryid", "query", "plans", "total_plan_time", "min_plan_time", "max_plan_time", "mean_plan_time", "stddev_plan_time", "calls", "total_exec_time", "min_exec_time", "max_exec_time", "mean_exec_time", "stddev_exec_time", "rows", "shared_blks_hit", "shared_blks_read", "shared_blks_dirtied", "shared_blks_written", "local_blks_hit", "local_blks_read", "local_blks_dirtied", "local_blks_written", "temp_blks_read", "temp_blks_written", "shared_blk_read_time", "shared_blk_write_time", "local_blk_read_time", "local_blk_write_time", "temp_blk_read_time", "temp_blk_write_time", "wal_records", "wal_fpi", "wal_bytes", "jit_functions", "jit_generation_time", "jit_inlining_count", "jit_inlining_time", "jit_optimization_count", "jit_optimization_time", "jit_emission_count", "jit_emission_time", "jit_deform_count", "jit_deform_time", "stats_since", "minmax_stats_since") VALUES (16387, 5, true, -9056722188655452396, 'select "section_titles"."id", "section_titles"."tenant_id", "section_titles"."section_type", "section_titles"."updated_at", "section_titles"."created_at", "section_titles__locales"."data" as "_locales" from "section_titles" "section_titles" left join lateral (select coalesce(json_agg(json_build_array("section_titles__locales"."title", "section_titles__locales"."_locale")), $3::json) as "data" from "section_titles_locales" "section_titles__locales" where "section_titles__locales"."_parent_id" = "section_titles"."id") "section_titles__locales" on $4 where "section_titles"."tenant_id" = $1 order by "section_titles"."created_at" desc limit $2', 0, 0, 0, 0, 0, 0, 33, 12.445782000000001, 0.01618, 4.632327, 0.3771449090909091, 0.8191428269533051, 182, 609, 0, 0, 0, 0, 0, 0, 0, 0, 0, 0, 0, 0, 0, 0, 0, 0, 0, '"0"', 0, 0, 0, 0, 0, 0, 0, 0, 0, 0, '2026-02-11T17:27:35.428Z', '2026-02-11T17:27:35.428Z');
INSERT INTO "pg_stat_statements" ("userid", "dbid", "toplevel", "queryid", "query", "plans", "total_plan_time", "min_plan_time", "max_plan_time", "mean_plan_time", "stddev_plan_time", "calls", "total_exec_time", "min_exec_time", "max_exec_time", "mean_exec_time", "stddev_exec_time", "rows", "shared_blks_hit", "shared_blks_read", "shared_blks_dirtied", "shared_blks_written", "local_blks_hit", "local_blks_read", "local_blks_dirtied", "local_blks_written", "temp_blks_read", "temp_blks_written", "shared_blk_read_time", "shared_blk_write_time", "local_blk_read_time", "local_blk_write_time", "temp_blk_read_time", "temp_blk_write_time", "wal_records", "wal_fpi", "wal_bytes", "jit_functions", "jit_generation_time", "jit_inlining_count", "jit_inlining_time", "jit_optimization_count", "jit_optimization_time", "jit_emission_count", "jit_emission_time", "jit_deform_count", "jit_deform_time", "stats_since", "minmax_stats_since") VALUES (16387, 5, true, -6584488321482631647, 'select count(*) from "social_links" where "social_links"."tenant_id" = $1', 0, 0, 0, 0, 0, 0, 34, 4.876527, 0.01175, 0.63571, 0.14342726470588238, 0.1728487161541439, 34, 61, 0, 0, 0, 0, 0, 0, 0, 0, 0, 0, 0, 0, 0, 0, 0, 0, 0, '"0"', 0, 0, 0, 0, 0, 0, 0, 0, 0, 0, '2026-02-11T17:27:35.418Z', '2026-02-11T17:27:35.418Z');
INSERT INTO "pg_stat_statements" ("userid", "dbid", "toplevel", "queryid", "query", "plans", "total_plan_time", "min_plan_time", "max_plan_time", "mean_plan_time", "stddev_plan_time", "calls", "total_exec_time", "min_exec_time", "max_exec_time", "mean_exec_time", "stddev_exec_time", "rows", "shared_blks_hit", "shared_blks_read", "shared_blks_dirtied", "shared_blks_written", "local_blks_hit", "local_blks_read", "local_blks_dirtied", "local_blks_written", "temp_blks_read", "temp_blks_written", "shared_blk_read_time", "shared_blk_write_time", "local_blk_read_time", "local_blk_write_time", "temp_blk_read_time", "temp_blk_write_time", "wal_records", "wal_fpi", "wal_bytes", "jit_functions", "jit_generation_time", "jit_inlining_count", "jit_inlining_time", "jit_optimization_count", "jit_optimization_time", "jit_emission_count", "jit_emission_time", "jit_deform_count", "jit_deform_time", "stats_since", "minmax_stats_since") VALUES (16387, 5, true, -6730354828734110658, 'select "id", "name", "slug", "updated_at", "created_at", "_status" from "tenants" "tenants" where "tenants"."id" in ($1) order by "tenants"."created_at" desc', 0, 0, 0, 0, 0, 0, 427, 20.25537699999999, 0.01703, 2.585738, 0.04743648009367684, 0.13752145673380833, 427, 1069, 0, 0, 0, 0, 0, 0, 0, 0, 0, 0, 0, 0, 0, 0, 0, 0, 0, '"0"', 0, 0, 0, 0, 0, 0, 0, 0, 0, 0, '2026-02-11T17:33:06.643Z', '2026-02-11T17:33:06.643Z');
INSERT INTO "pg_stat_statements" ("userid", "dbid", "toplevel", "queryid", "query", "plans", "total_plan_time", "min_plan_time", "max_plan_time", "mean_plan_time", "stddev_plan_time", "calls", "total_exec_time", "min_exec_time", "max_exec_time", "mean_exec_time", "stddev_exec_time", "rows", "shared_blks_hit", "shared_blks_read", "shared_blks_dirtied", "shared_blks_written", "local_blks_hit", "local_blks_read", "local_blks_dirtied", "local_blks_written", "temp_blks_read", "temp_blks_written", "shared_blk_read_time", "shared_blk_write_time", "local_blk_read_time", "local_blk_write_time", "temp_blk_read_time", "temp_blk_write_time", "wal_records", "wal_fpi", "wal_bytes", "jit_functions", "jit_generation_time", "jit_inlining_count", "jit_inlining_time", "jit_optimization_count", "jit_optimization_time", "jit_emission_count", "jit_emission_time", "jit_deform_count", "jit_deform_time", "stats_since", "minmax_stats_since") VALUES (16387, 5, true, -8853035394250580052, 'select count(*) from "contact_departments" where ("contact_departments"."tenant_id" = $1 and "contact_departments"."id" = $2)', 0, 0, 0, 0, 0, 0, 7, 0.1489, 0.01651, 0.03488, 0.02127142857142857, 0.00568370459816339, 7, 14, 0, 0, 0, 0, 0, 0, 0, 0, 0, 0, 0, 0, 0, 0, 0, 0, 0, '"0"', 0, 0, 0, 0, 0, 0, 0, 0, 0, 0, '2026-02-11T17:47:57.125Z', '2026-02-11T17:47:57.125Z');
INSERT INTO "pg_stat_statements" ("userid", "dbid", "toplevel", "queryid", "query", "plans", "total_plan_time", "min_plan_time", "max_plan_time", "mean_plan_time", "stddev_plan_time", "calls", "total_exec_time", "min_exec_time", "max_exec_time", "mean_exec_time", "stddev_exec_time", "rows", "shared_blks_hit", "shared_blks_read", "shared_blks_dirtied", "shared_blks_written", "local_blks_hit", "local_blks_read", "local_blks_dirtied", "local_blks_written", "temp_blks_read", "temp_blks_written", "shared_blk_read_time", "shared_blk_write_time", "local_blk_read_time", "local_blk_write_time", "temp_blk_read_time", "temp_blk_write_time", "wal_records", "wal_fpi", "wal_bytes", "jit_functions", "jit_generation_time", "jit_inlining_count", "jit_inlining_time", "jit_optimization_count", "jit_optimization_time", "jit_emission_count", "jit_emission_time", "jit_deform_count", "jit_deform_time", "stats_since", "minmax_stats_since") VALUES (16387, 5, true, -4716277663409976708, 'SELECT COUNT(*) FROM (SELECT "public"."section_titles_locales"."id" FROM "public"."section_titles_locales" WHERE $2=$3 OFFSET $1) AS "sub"', 0, 0, 0, 0, 0, 0, 2, 0.04282, 0.019700000000000002, 0.023119999999999998, 0.02141, 0.0017099999999999971, 2, 2, 0, 0, 0, 0, 0, 0, 0, 0, 0, 0, 0, 0, 0, 0, 0, 0, 0, '"0"', 0, 0, 0, 0, 0, 0, 0, 0, 0, 0, '2026-02-11T18:38:01.301Z', '2026-02-11T18:38:01.301Z');
INSERT INTO "pg_stat_statements" ("userid", "dbid", "toplevel", "queryid", "query", "plans", "total_plan_time", "min_plan_time", "max_plan_time", "mean_plan_time", "stddev_plan_time", "calls", "total_exec_time", "min_exec_time", "max_exec_time", "mean_exec_time", "stddev_exec_time", "rows", "shared_blks_hit", "shared_blks_read", "shared_blks_dirtied", "shared_blks_written", "local_blks_hit", "local_blks_read", "local_blks_dirtied", "local_blks_written", "temp_blks_read", "temp_blks_written", "shared_blk_read_time", "shared_blk_write_time", "local_blk_read_time", "local_blk_write_time", "temp_blk_read_time", "temp_blk_write_time", "wal_records", "wal_fpi", "wal_bytes", "jit_functions", "jit_generation_time", "jit_inlining_count", "jit_inlining_time", "jit_optimization_count", "jit_optimization_time", "jit_emission_count", "jit_emission_time", "jit_deform_count", "jit_deform_time", "stats_since", "minmax_stats_since") VALUES (16387, 5, true, 6814974955380422101, 'SELECT * FROM "payload_preferences_rels"', 0, 0, 0, 0, 0, 0, 1, 0.02714, 0.02714, 0.02714, 0.02714, 0, 15, 1, 0, 0, 0, 0, 0, 0, 0, 0, 0, 0, 0, 0, 0, 0, 0, 0, 0, '"0"', 0, 0, 0, 0, 0, 0, 0, 0, 0, 0, '2026-02-11T18:53:21.235Z', '2026-02-11T18:53:21.235Z');
INSERT INTO "pg_stat_statements" ("userid", "dbid", "toplevel", "queryid", "query", "plans", "total_plan_time", "min_plan_time", "max_plan_time", "mean_plan_time", "stddev_plan_time", "calls", "total_exec_time", "min_exec_time", "max_exec_time", "mean_exec_time", "stddev_exec_time", "rows", "shared_blks_hit", "shared_blks_read", "shared_blks_dirtied", "shared_blks_written", "local_blks_hit", "local_blks_read", "local_blks_dirtied", "local_blks_written", "temp_blks_read", "temp_blks_written", "shared_blk_read_time", "shared_blk_write_time", "local_blk_read_time", "local_blk_write_time", "temp_blk_read_time", "temp_blk_write_time", "wal_records", "wal_fpi", "wal_bytes", "jit_functions", "jit_generation_time", "jit_inlining_count", "jit_inlining_time", "jit_optimization_count", "jit_optimization_time", "jit_emission_count", "jit_emission_time", "jit_deform_count", "jit_deform_time", "stats_since", "minmax_stats_since") VALUES (16387, 5, true, -9083536147180770242, 'select "social_links"."id", "social_links"."tenant_id", "social_links"."image_id", "social_links"."url", "social_links"."order", "social_links"."updated_at", "social_links"."created_at", "social_links__locales"."data" as "_locales" from "social_links" "social_links" left join lateral (select coalesce(json_agg(json_build_array("social_links__locales"."label", "social_links__locales"."_locale")), $3::json) as "data" from "social_links_locales" "social_links__locales" where "social_links__locales"."_parent_id" = "social_links"."id") "social_links__locales" on $4 where "social_links"."tenant_id" = $1 order by "social_links"."order" asc, "social_links"."created_at" desc limit $2', 0, 0, 0, 0, 0, 0, 33, 7.482832, 0.03832, 3.0039580000000004, 0.22675248484848481, 0.5130023537232978, 52, 264, 0, 0, 0, 0, 0, 0, 0, 0, 0, 0, 0, 0, 0, 0, 0, 0, 0, '"0"', 0, 0, 0, 0, 0, 0, 0, 0, 0, 0, '2026-02-11T17:27:35.432Z', '2026-02-11T17:27:35.432Z');
INSERT INTO "pg_stat_statements" ("userid", "dbid", "toplevel", "queryid", "query", "plans", "total_plan_time", "min_plan_time", "max_plan_time", "mean_plan_time", "stddev_plan_time", "calls", "total_exec_time", "min_exec_time", "max_exec_time", "mean_exec_time", "stddev_exec_time", "rows", "shared_blks_hit", "shared_blks_read", "shared_blks_dirtied", "shared_blks_written", "local_blks_hit", "local_blks_read", "local_blks_dirtied", "local_blks_written", "temp_blks_read", "temp_blks_written", "shared_blk_read_time", "shared_blk_write_time", "local_blk_read_time", "local_blk_write_time", "temp_blk_read_time", "temp_blk_write_time", "wal_records", "wal_fpi", "wal_bytes", "jit_functions", "jit_generation_time", "jit_inlining_count", "jit_inlining_time", "jit_optimization_count", "jit_optimization_time", "jit_emission_count", "jit_emission_time", "jit_deform_count", "jit_deform_time", "stats_since", "minmax_stats_since") VALUES (16387, 5, true, -6691803909674566486, 'SELECT COUNT(*) FROM (SELECT "public"."users_sessions"."id" FROM "public"."users_sessions" WHERE $2=$3 OFFSET $1) AS "sub"', 0, 0, 0, 0, 0, 0, 2, 0.03438, 0.01396, 0.02042, 0.01719, 0.0032300000000000002, 2, 2, 0, 0, 0, 0, 0, 0, 0, 0, 0, 0, 0, 0, 0, 0, 0, 0, 0, '"0"', 0, 0, 0, 0, 0, 0, 0, 0, 0, 0, '2026-02-11T18:38:02.954Z', '2026-02-11T18:38:02.954Z');
INSERT INTO "pg_stat_statements" ("userid", "dbid", "toplevel", "queryid", "query", "plans", "total_plan_time", "min_plan_time", "max_plan_time", "mean_plan_time", "stddev_plan_time", "calls", "total_exec_time", "min_exec_time", "max_exec_time", "mean_exec_time", "stddev_exec_time", "rows", "shared_blks_hit", "shared_blks_read", "shared_blks_dirtied", "shared_blks_written", "local_blks_hit", "local_blks_read", "local_blks_dirtied", "local_blks_written", "temp_blks_read", "temp_blks_written", "shared_blk_read_time", "shared_blk_write_time", "local_blk_read_time", "local_blk_write_time", "temp_blk_read_time", "temp_blk_write_time", "wal_records", "wal_fpi", "wal_bytes", "jit_functions", "jit_generation_time", "jit_inlining_count", "jit_inlining_time", "jit_optimization_count", "jit_optimization_time", "jit_emission_count", "jit_emission_time", "jit_deform_count", "jit_deform_time", "stats_since", "minmax_stats_since") VALUES (16387, 5, true, -3394798083570836694, 'SELECT COUNT(*) FROM (SELECT "public"."_tenants_v"."id" FROM "public"."_tenants_v" WHERE $2=$3 OFFSET $1) AS "sub"', 0, 0, 0, 0, 0, 0, 2, 0.057899, 0.0257, 0.032199, 0.0289495, 0.003249499999999999, 2, 2, 0, 0, 0, 0, 0, 0, 0, 0, 0, 0, 0, 0, 0, 0, 0, 0, 0, '"0"', 0, 0, 0, 0, 0, 0, 0, 0, 0, 0, '2026-02-11T18:37:53.897Z', '2026-02-11T18:37:53.897Z');
INSERT INTO "pg_stat_statements" ("userid", "dbid", "toplevel", "queryid", "query", "plans", "total_plan_time", "min_plan_time", "max_plan_time", "mean_plan_time", "stddev_plan_time", "calls", "total_exec_time", "min_exec_time", "max_exec_time", "mean_exec_time", "stddev_exec_time", "rows", "shared_blks_hit", "shared_blks_read", "shared_blks_dirtied", "shared_blks_written", "local_blks_hit", "local_blks_read", "local_blks_dirtied", "local_blks_written", "temp_blks_read", "temp_blks_written", "shared_blk_read_time", "shared_blk_write_time", "local_blk_read_time", "local_blk_write_time", "temp_blk_read_time", "temp_blk_write_time", "wal_records", "wal_fpi", "wal_bytes", "jit_functions", "jit_generation_time", "jit_inlining_count", "jit_inlining_time", "jit_optimization_count", "jit_optimization_time", "jit_emission_count", "jit_emission_time", "jit_deform_count", "jit_deform_time", "stats_since", "minmax_stats_since") VALUES (10, 5, true, 2701069135921928481, 'GRANT "pg_write_all_data" TO "prisma_application"', 0, 0, 0, 0, 0, 0, 57, 3.0095480000000006, 0.01398, 0.10115, 0.052799087719298234, 0.021181915463706385, 0, 0, 0, 0, 0, 0, 0, 0, 0, 0, 0, 0, 0, 0, 0, 0, 0, 0, 0, '"0"', 0, 0, 0, 0, 0, 0, 0, 0, 0, 0, '2026-02-11T17:14:23.919Z', '2026-02-11T17:14:23.919Z');
INSERT INTO "pg_stat_statements" ("userid", "dbid", "toplevel", "queryid", "query", "plans", "total_plan_time", "min_plan_time", "max_plan_time", "mean_plan_time", "stddev_plan_time", "calls", "total_exec_time", "min_exec_time", "max_exec_time", "mean_exec_time", "stddev_exec_time", "rows", "shared_blks_hit", "shared_blks_read", "shared_blks_dirtied", "shared_blks_written", "local_blks_hit", "local_blks_read", "local_blks_dirtied", "local_blks_written", "temp_blks_read", "temp_blks_written", "shared_blk_read_time", "shared_blk_write_time", "local_blk_read_time", "local_blk_write_time", "temp_blk_read_time", "temp_blk_write_time", "wal_records", "wal_fpi", "wal_bytes", "jit_functions", "jit_generation_time", "jit_inlining_count", "jit_inlining_time", "jit_optimization_count", "jit_optimization_time", "jit_emission_count", "jit_emission_time", "jit_deform_count", "jit_deform_time", "stats_since", "minmax_stats_since") VALUES (16387, 5, true, 7663875088298259118, 'insert into "contact_departments" ("id", "tenant_id", "whatsapp", "telegram", "sms", "telephone", "order", "updated_at", "created_at") values ($1, $2, $3, $4, $5, $6, $7, $8, $9) on conflict ("id") do update set "id" = $10, "tenant_id" = $11, "whatsapp" = $12, "telegram" = $13, "sms" = $14, "telephone" = $15, "order" = $16, "updated_at" = $17, "created_at" = $18 returning "id", "tenant_id", "whatsapp", "telegram", "sms", "telephone", "order", "updated_at", "created_at"', 0, 0, 0, 0, 0, 0, 3, 0.474009, 0.15107900000000002, 0.16975, 0.158003, 0.00835055115945449, 3, 48, 0, 8, 0, 0, 0, 0, 0, 0, 0, 0, 0, 0, 0, 0, 0, 18, 8, '"9059"', 0, 0, 0, 0, 0, 0, 0, 0, 0, 0, '2026-02-11T17:48:09.050Z', '2026-02-11T17:48:09.050Z');
INSERT INTO "pg_stat_statements" ("userid", "dbid", "toplevel", "queryid", "query", "plans", "total_plan_time", "min_plan_time", "max_plan_time", "mean_plan_time", "stddev_plan_time", "calls", "total_exec_time", "min_exec_time", "max_exec_time", "mean_exec_time", "stddev_exec_time", "rows", "shared_blks_hit", "shared_blks_read", "shared_blks_dirtied", "shared_blks_written", "local_blks_hit", "local_blks_read", "local_blks_dirtied", "local_blks_written", "temp_blks_read", "temp_blks_written", "shared_blk_read_time", "shared_blk_write_time", "local_blk_read_time", "local_blk_write_time", "temp_blk_read_time", "temp_blk_write_time", "wal_records", "wal_fpi", "wal_bytes", "jit_functions", "jit_generation_time", "jit_inlining_count", "jit_inlining_time", "jit_optimization_count", "jit_optimization_time", "jit_emission_count", "jit_emission_time", "jit_deform_count", "jit_deform_time", "stats_since", "minmax_stats_since") VALUES (16387, 5, true, 6527803075527018252, 'select "id", "name" from "tenants" "tenants" where ("tenants"."slug" = $1 and "tenants"."_status" = $2) order by "tenants"."created_at" desc limit $3', 0, 0, 0, 0, 0, 0, 79, 3.623236000000001, 0.017419999999999998, 0.1752, 0.045863746835443045, 0.02561567897407751, 37, 209, 0, 0, 0, 0, 0, 0, 0, 0, 0, 0, 0, 0, 0, 0, 0, 0, 0, '"0"', 0, 0, 0, 0, 0, 0, 0, 0, 0, 0, '2026-02-11T17:27:35.320Z', '2026-02-11T17:27:35.320Z');
INSERT INTO "pg_stat_statements" ("userid", "dbid", "toplevel", "queryid", "query", "plans", "total_plan_time", "min_plan_time", "max_plan_time", "mean_plan_time", "stddev_plan_time", "calls", "total_exec_time", "min_exec_time", "max_exec_time", "mean_exec_time", "stddev_exec_time", "rows", "shared_blks_hit", "shared_blks_read", "shared_blks_dirtied", "shared_blks_written", "local_blks_hit", "local_blks_read", "local_blks_dirtied", "local_blks_written", "temp_blks_read", "temp_blks_written", "shared_blk_read_time", "shared_blk_write_time", "local_blk_read_time", "local_blk_write_time", "temp_blk_read_time", "temp_blk_write_time", "wal_records", "wal_fpi", "wal_bytes", "jit_functions", "jit_generation_time", "jit_inlining_count", "jit_inlining_time", "jit_optimization_count", "jit_optimization_time", "jit_emission_count", "jit_emission_time", "jit_deform_count", "jit_deform_time", "stats_since", "minmax_stats_since") VALUES (16387, 5, true, 4281813605074304813, 'SELECT * FROM "business_services"', 0, 0, 0, 0, 0, 0, 1, 0.02832, 0.02832, 0.02832, 0.02832, 0, 5, 1, 0, 0, 0, 0, 0, 0, 0, 0, 0, 0, 0, 0, 0, 0, 0, 0, 0, '"0"', 0, 0, 0, 0, 0, 0, 0, 0, 0, 0, '2026-02-11T18:53:14.303Z', '2026-02-11T18:53:14.303Z');
INSERT INTO "pg_stat_statements" ("userid", "dbid", "toplevel", "queryid", "query", "plans", "total_plan_time", "min_plan_time", "max_plan_time", "mean_plan_time", "stddev_plan_time", "calls", "total_exec_time", "min_exec_time", "max_exec_time", "mean_exec_time", "stddev_exec_time", "rows", "shared_blks_hit", "shared_blks_read", "shared_blks_dirtied", "shared_blks_written", "local_blks_hit", "local_blks_read", "local_blks_dirtied", "local_blks_written", "temp_blks_read", "temp_blks_written", "shared_blk_read_time", "shared_blk_write_time", "local_blk_read_time", "local_blk_write_time", "temp_blk_read_time", "temp_blk_write_time", "wal_records", "wal_fpi", "wal_bytes", "jit_functions", "jit_generation_time", "jit_inlining_count", "jit_inlining_time", "jit_optimization_count", "jit_optimization_time", "jit_emission_count", "jit_emission_time", "jit_deform_count", "jit_deform_time", "stats_since", "minmax_stats_since") VALUES (16387, 5, true, 4426232463686646514, 'select count(*) from "about_business" where "about_business"."tenant_id" = $1', 0, 0, 0, 0, 0, 0, 34, 6.188665999999999, 0.00969, 3.0930269999999997, 0.18201958823529413, 0.5114917176428015, 34, 61, 0, 0, 0, 0, 0, 0, 0, 0, 0, 0, 0, 0, 0, 0, 0, 0, 0, '"0"', 0, 0, 0, 0, 0, 0, 0, 0, 0, 0, '2026-02-11T17:27:35.863Z', '2026-02-11T17:27:35.863Z');
INSERT INTO "pg_stat_statements" ("userid", "dbid", "toplevel", "queryid", "query", "plans", "total_plan_time", "min_plan_time", "max_plan_time", "mean_plan_time", "stddev_plan_time", "calls", "total_exec_time", "min_exec_time", "max_exec_time", "mean_exec_time", "stddev_exec_time", "rows", "shared_blks_hit", "shared_blks_read", "shared_blks_dirtied", "shared_blks_written", "local_blks_hit", "local_blks_read", "local_blks_dirtied", "local_blks_written", "temp_blks_read", "temp_blks_written", "shared_blk_read_time", "shared_blk_write_time", "local_blk_read_time", "local_blk_write_time", "temp_blk_read_time", "temp_blk_write_time", "wal_records", "wal_fpi", "wal_bytes", "jit_functions", "jit_generation_time", "jit_inlining_count", "jit_inlining_time", "jit_optimization_count", "jit_optimization_time", "jit_emission_count", "jit_emission_time", "jit_deform_count", "jit_deform_time", "stats_since", "minmax_stats_since") VALUES (16387, 5, true, 6416268477695072497, 'select distinct "payload_locked_documents"."id", "payload_locked_documents"."created_at", "payload_locked_documents"."created_at" from "payload_locked_documents" left join "payload_locked_documents_rels" "74629909_83b0_48d2_8d5c_be76156b06bc" on ("payload_locked_documents"."id" = "74629909_83b0_48d2_8d5c_be76156b06bc"."parent_id" and "74629909_83b0_48d2_8d5c_be76156b06bc"."path" like $1) where (("74629909_83b0_48d2_8d5c_be76156b06bc"."media_id" = $2 or "74629909_83b0_48d2_8d5c_be76156b06bc"."users_id" = $3 or "74629909_83b0_48d2_8d5c_be76156b06bc"."tenants_id" = $4 or "74629909_83b0_48d2_8d5c_be76156b06bc"."business_profile_id" = $5 or "74629909_83b0_48d2_8d5c_be76156b06bc"."business_themes_id" = $6 or "74629909_83b0_48d2_8d5c_be76156b06bc"."about_business_id" = $7 or "74629909_83b0_48d2_8d5c_be76156b06bc"."image_galleries_id" = $8 or "74629909_83b0_48d2_8d5c_be76156b06bc"."contact_departments_id" = $9 or "74629909_83b0_48d2_8d5c_be76156b06bc"."social_links_id" = $10 or "74629909_83b0_48d2_8d5c_be76156b06bc"."business_services_id" = $11 or "74629909_83b0_48d2_8d5c_be76156b06bc"."business_partners_id" = $12 or "74629909_83b0_48d2_8d5c_be76156b06bc"."business_locations_id" = $13 or "74629909_83b0_48d2_8d5c_be76156b06bc"."section_titles_id" = $14 or "74629909_83b0_48d2_8d5c_be76156b06bc"."tenant_link_configuration_id" = $15 or "74629909_83b0_48d2_8d5c_be76156b06bc"."partners_carousel_settings_id" = $16) and "74629909_83b0_48d2_8d5c_be76156b06bc"."contact_departments_id" is not null and "payload_locked_documents"."updated_at" > $17) order by "payload_locked_documents"."created_at" desc limit $18', 0, 0, 0, 0, 0, 0, 1, 0.06206, 0.06206, 0.06206, 0.06206, 0, 0, 7, 0, 0, 0, 0, 0, 0, 0, 0, 0, 0, 0, 0, 0, 0, 0, 0, 0, '"0"', 0, 0, 0, 0, 0, 0, 0, 0, 0, 0, '2026-02-11T17:47:57.190Z', '2026-02-11T17:47:57.190Z');
INSERT INTO "pg_stat_statements" ("userid", "dbid", "toplevel", "queryid", "query", "plans", "total_plan_time", "min_plan_time", "max_plan_time", "mean_plan_time", "stddev_plan_time", "calls", "total_exec_time", "min_exec_time", "max_exec_time", "mean_exec_time", "stddev_exec_time", "rows", "shared_blks_hit", "shared_blks_read", "shared_blks_dirtied", "shared_blks_written", "local_blks_hit", "local_blks_read", "local_blks_dirtied", "local_blks_written", "temp_blks_read", "temp_blks_written", "shared_blk_read_time", "shared_blk_write_time", "local_blk_read_time", "local_blk_write_time", "temp_blk_read_time", "temp_blk_write_time", "wal_records", "wal_fpi", "wal_bytes", "jit_functions", "jit_generation_time", "jit_inlining_count", "jit_inlining_time", "jit_optimization_count", "jit_optimization_time", "jit_emission_count", "jit_emission_time", "jit_deform_count", "jit_deform_time", "stats_since", "minmax_stats_since") VALUES (16387, 5, true, 3405986324146683007, 'SELECT COUNT(*) FROM (SELECT "public"."payload_preferences_rels"."id" FROM "public"."payload_preferences_rels" WHERE $2=$3 OFFSET $1) AS "sub"', 0, 0, 0, 0, 0, 0, 2, 0.039209999999999995, 0.018779999999999998, 0.02043, 0.019604999999999997, 0.0008250000000000002, 2, 2, 0, 0, 0, 0, 0, 0, 0, 0, 0, 0, 0, 0, 0, 0, 0, 0, 0, '"0"', 0, 0, 0, 0, 0, 0, 0, 0, 0, 0, '2026-02-11T18:38:00.741Z', '2026-02-11T18:38:00.741Z');
INSERT INTO "pg_stat_statements" ("userid", "dbid", "toplevel", "queryid", "query", "plans", "total_plan_time", "min_plan_time", "max_plan_time", "mean_plan_time", "stddev_plan_time", "calls", "total_exec_time", "min_exec_time", "max_exec_time", "mean_exec_time", "stddev_exec_time", "rows", "shared_blks_hit", "shared_blks_read", "shared_blks_dirtied", "shared_blks_written", "local_blks_hit", "local_blks_read", "local_blks_dirtied", "local_blks_written", "temp_blks_read", "temp_blks_written", "shared_blk_read_time", "shared_blk_write_time", "local_blk_read_time", "local_blk_write_time", "temp_blk_read_time", "temp_blk_write_time", "wal_records", "wal_fpi", "wal_bytes", "jit_functions", "jit_generation_time", "jit_inlining_count", "jit_inlining_time", "jit_optimization_count", "jit_optimization_time", "jit_emission_count", "jit_emission_time", "jit_deform_count", "jit_deform_time", "stats_since", "minmax_stats_since") VALUES (16387, 5, true, 2065595771562283300, 'select distinct "payload_preferences"."id", "payload_preferences"."updated_at", "payload_preferences"."updated_at", "payload_preferences"."created_at", "payload_preferences"."created_at" from "payload_preferences" left join "payload_preferences_rels" "e63bc908_c9ce_4d66_925e_24ee1b671260" on ("payload_preferences"."id" = "e63bc908_c9ce_4d66_925e_24ee1b671260"."parent_id" and "e63bc908_c9ce_4d66_925e_24ee1b671260"."path" like $1) where ("payload_preferences"."key" = $2 and "e63bc908_c9ce_4d66_925e_24ee1b671260"."users_id" = $3 and "e63bc908_c9ce_4d66_925e_24ee1b671260"."users_id" is not null) order by "payload_preferences"."updated_at" desc, "payload_preferences"."created_at" desc limit $4', 0, 0, 0, 0, 0, 0, 4, 0.167079, 0.02489, 0.06086, 0.04176975, 0.013239139707227957, 2, 14, 0, 0, 0, 0, 0, 0, 0, 0, 0, 0, 0, 0, 0, 0, 0, 0, 0, '"0"', 0, 0, 0, 0, 0, 0, 0, 0, 0, 0, '2026-02-11T17:47:55.233Z', '2026-02-11T17:47:55.233Z');
INSERT INTO "pg_stat_statements" ("userid", "dbid", "toplevel", "queryid", "query", "plans", "total_plan_time", "min_plan_time", "max_plan_time", "mean_plan_time", "stddev_plan_time", "calls", "total_exec_time", "min_exec_time", "max_exec_time", "mean_exec_time", "stddev_exec_time", "rows", "shared_blks_hit", "shared_blks_read", "shared_blks_dirtied", "shared_blks_written", "local_blks_hit", "local_blks_read", "local_blks_dirtied", "local_blks_written", "temp_blks_read", "temp_blks_written", "shared_blk_read_time", "shared_blk_write_time", "local_blk_read_time", "local_blk_write_time", "temp_blk_read_time", "temp_blk_write_time", "wal_records", "wal_fpi", "wal_bytes", "jit_functions", "jit_generation_time", "jit_inlining_count", "jit_inlining_time", "jit_optimization_count", "jit_optimization_time", "jit_emission_count", "jit_emission_time", "jit_deform_count", "jit_deform_time", "stats_since", "minmax_stats_since") VALUES (16387, 5, true, 4695955012656711063, 'delete from "payload_locked_documents" where "payload_locked_documents"."id" in ($1)', 0, 0, 0, 0, 0, 0, 3, 1.184019, 0.35051899999999997, 0.46542, 0.394673, 0.05053678981362654, 3, 51, 0, 0, 0, 0, 0, 0, 0, 0, 0, 0, 0, 0, 0, 0, 0, 9, 0, '"660"', 0, 0, 0, 0, 0, 0, 0, 0, 0, 0, '2026-02-11T17:48:09.031Z', '2026-02-11T17:48:09.031Z');
INSERT INTO "pg_stat_statements" ("userid", "dbid", "toplevel", "queryid", "query", "plans", "total_plan_time", "min_plan_time", "max_plan_time", "mean_plan_time", "stddev_plan_time", "calls", "total_exec_time", "min_exec_time", "max_exec_time", "mean_exec_time", "stddev_exec_time", "rows", "shared_blks_hit", "shared_blks_read", "shared_blks_dirtied", "shared_blks_written", "local_blks_hit", "local_blks_read", "local_blks_dirtied", "local_blks_written", "temp_blks_read", "temp_blks_written", "shared_blk_read_time", "shared_blk_write_time", "local_blk_read_time", "local_blk_write_time", "temp_blk_read_time", "temp_blk_write_time", "wal_records", "wal_fpi", "wal_bytes", "jit_functions", "jit_generation_time", "jit_inlining_count", "jit_inlining_time", "jit_optimization_count", "jit_optimization_time", "jit_emission_count", "jit_emission_time", "jit_deform_count", "jit_deform_time", "stats_since", "minmax_stats_since") VALUES (16387, 5, true, 728282388183335434, 'select "id" from "payload_locked_documents" "payload_locked_documents" where "payload_locked_documents"."id" in ($1)', 0, 0, 0, 0, 0, 0, 3, 0.02559, 0.00763, 0.01005, 0.00853, 0.0010808638520492149, 3, 3, 0, 0, 0, 0, 0, 0, 0, 0, 0, 0, 0, 0, 0, 0, 0, 0, 0, '"0"', 0, 0, 0, 0, 0, 0, 0, 0, 0, 0, '2026-02-11T17:48:09.028Z', '2026-02-11T17:48:09.028Z');
INSERT INTO "pg_stat_statements" ("userid", "dbid", "toplevel", "queryid", "query", "plans", "total_plan_time", "min_plan_time", "max_plan_time", "mean_plan_time", "stddev_plan_time", "calls", "total_exec_time", "min_exec_time", "max_exec_time", "mean_exec_time", "stddev_exec_time", "rows", "shared_blks_hit", "shared_blks_read", "shared_blks_dirtied", "shared_blks_written", "local_blks_hit", "local_blks_read", "local_blks_dirtied", "local_blks_written", "temp_blks_read", "temp_blks_written", "shared_blk_read_time", "shared_blk_write_time", "local_blk_read_time", "local_blk_write_time", "temp_blk_read_time", "temp_blk_write_time", "wal_records", "wal_fpi", "wal_bytes", "jit_functions", "jit_generation_time", "jit_inlining_count", "jit_inlining_time", "jit_optimization_count", "jit_optimization_time", "jit_emission_count", "jit_emission_time", "jit_deform_count", "jit_deform_time", "stats_since", "minmax_stats_since") VALUES (16387, 5, true, -7129778348387566789, 'SELECT * FROM "contact_departments"', 0, 0, 0, 0, 0, 0, 1, 0.02869, 0.02869, 0.02869, 0.02869, 0, 8, 1, 0, 0, 0, 0, 0, 0, 0, 0, 0, 0, 0, 0, 0, 0, 0, 0, 0, '"0"', 0, 0, 0, 0, 0, 0, 0, 0, 0, 0, '2026-02-11T18:53:21.646Z', '2026-02-11T18:53:21.646Z');
INSERT INTO "pg_stat_statements" ("userid", "dbid", "toplevel", "queryid", "query", "plans", "total_plan_time", "min_plan_time", "max_plan_time", "mean_plan_time", "stddev_plan_time", "calls", "total_exec_time", "min_exec_time", "max_exec_time", "mean_exec_time", "stddev_exec_time", "rows", "shared_blks_hit", "shared_blks_read", "shared_blks_dirtied", "shared_blks_written", "local_blks_hit", "local_blks_read", "local_blks_dirtied", "local_blks_written", "temp_blks_read", "temp_blks_written", "shared_blk_read_time", "shared_blk_write_time", "local_blk_read_time", "local_blk_write_time", "temp_blk_read_time", "temp_blk_write_time", "wal_records", "wal_fpi", "wal_bytes", "jit_functions", "jit_generation_time", "jit_inlining_count", "jit_inlining_time", "jit_optimization_count", "jit_optimization_time", "jit_emission_count", "jit_emission_time", "jit_deform_count", "jit_deform_time", "stats_since", "minmax_stats_since") VALUES (16387, 5, true, 402410338973665759, 'SELECT * FROM "_tenants_v"', 0, 0, 0, 0, 0, 0, 1, 0.051829999999999994, 0.051829999999999994, 0.051829999999999994, 0.051829999999999994, 0, 3, 3, 0, 0, 0, 0, 0, 0, 0, 0, 0, 0, 0, 0, 0, 0, 0, 0, 0, '"0"', 0, 0, 0, 0, 0, 0, 0, 0, 0, 0, '2026-02-11T18:53:18.473Z', '2026-02-11T18:53:18.473Z');
INSERT INTO "pg_stat_statements" ("userid", "dbid", "toplevel", "queryid", "query", "plans", "total_plan_time", "min_plan_time", "max_plan_time", "mean_plan_time", "stddev_plan_time", "calls", "total_exec_time", "min_exec_time", "max_exec_time", "mean_exec_time", "stddev_exec_time", "rows", "shared_blks_hit", "shared_blks_read", "shared_blks_dirtied", "shared_blks_written", "local_blks_hit", "local_blks_read", "local_blks_dirtied", "local_blks_written", "temp_blks_read", "temp_blks_written", "shared_blk_read_time", "shared_blk_write_time", "local_blk_read_time", "local_blk_write_time", "temp_blk_read_time", "temp_blk_write_time", "wal_records", "wal_fpi", "wal_bytes", "jit_functions", "jit_generation_time", "jit_inlining_count", "jit_inlining_time", "jit_optimization_count", "jit_optimization_time", "jit_emission_count", "jit_emission_time", "jit_deform_count", "jit_deform_time", "stats_since", "minmax_stats_since") VALUES (16387, 5, true, -6015387847884483296, 'SELECT
  tbl.relname AS table_name,
  namespace.nspname as namespace,
  (tbl.relhassubclass and tbl.relkind = $2) as is_partition,
  (tbl.relhassubclass and tbl.relkind = $3) as has_subclass,
  tbl.relrowsecurity as has_row_level_security,
  reloptions,
  obj_description(tbl.oid, $4) as description
FROM pg_class AS tbl
INNER JOIN pg_namespace AS namespace ON namespace.oid = tbl.relnamespace
WHERE
  ( -- (relkind = ''r'' and relispartition = ''t'') matches partition table "duplicates"
    (tbl.relkind = $5 AND tbl.relispartition = $6)
      OR -- when it''s a partition
    tbl.relkind = $7
  )
  AND namespace.nspname = ANY ( $1 )
ORDER BY namespace, table_name', 0, 0, 0, 0, 0, 0, 1, 7.515725, 7.515725, 7.515725, 7.515725, 0, 32, 267, 1, 1, 0, 0, 0, 0, 0, 0, 0, 0, 0, 0, 0, 0, 0, 1, 1, '"6601"', 0, 0, 0, 0, 0, 0, 0, 0, 0, 0, '2026-02-11T18:32:35.700Z', '2026-02-11T18:32:35.700Z');
INSERT INTO "pg_stat_statements" ("userid", "dbid", "toplevel", "queryid", "query", "plans", "total_plan_time", "min_plan_time", "max_plan_time", "mean_plan_time", "stddev_plan_time", "calls", "total_exec_time", "min_exec_time", "max_exec_time", "mean_exec_time", "stddev_exec_time", "rows", "shared_blks_hit", "shared_blks_read", "shared_blks_dirtied", "shared_blks_written", "local_blks_hit", "local_blks_read", "local_blks_dirtied", "local_blks_written", "temp_blks_read", "temp_blks_written", "shared_blk_read_time", "shared_blk_write_time", "local_blk_read_time", "local_blk_write_time", "temp_blk_read_time", "temp_blk_write_time", "wal_records", "wal_fpi", "wal_bytes", "jit_functions", "jit_generation_time", "jit_inlining_count", "jit_inlining_time", "jit_optimization_count", "jit_optimization_time", "jit_emission_count", "jit_emission_time", "jit_deform_count", "jit_deform_time", "stats_since", "minmax_stats_since") VALUES (16387, 5, true, -523021996955951880, 'SELECT p.proname AS name, n.nspname as namespace,
                CASE WHEN l.lanname = $2 THEN p.prosrc
                     ELSE pg_get_functiondef(p.oid)
                     END as definition
            FROM pg_proc p
            LEFT JOIN pg_namespace n ON p.pronamespace = n.oid
            LEFT JOIN pg_language l ON p.prolang = l.oid
            WHERE n.nspname = ANY ( $1 )', 0, 0, 0, 0, 0, 0, 1, 4.558137, 4.558137, 4.558137, 4.558137, 0, 3, 59, 48, 0, 0, 0, 0, 0, 0, 0, 0, 0, 0, 0, 0, 0, 0, 0, 0, '"0"', 0, 0, 0, 0, 0, 0, 0, 0, 0, 0, '2026-02-11T18:32:38.802Z', '2026-02-11T18:32:38.802Z');
INSERT INTO "pg_stat_statements" ("userid", "dbid", "toplevel", "queryid", "query", "plans", "total_plan_time", "min_plan_time", "max_plan_time", "mean_plan_time", "stddev_plan_time", "calls", "total_exec_time", "min_exec_time", "max_exec_time", "mean_exec_time", "stddev_exec_time", "rows", "shared_blks_hit", "shared_blks_read", "shared_blks_dirtied", "shared_blks_written", "local_blks_hit", "local_blks_read", "local_blks_dirtied", "local_blks_written", "temp_blks_read", "temp_blks_written", "shared_blk_read_time", "shared_blk_write_time", "local_blk_read_time", "local_blk_write_time", "temp_blk_read_time", "temp_blk_write_time", "wal_records", "wal_fpi", "wal_bytes", "jit_functions", "jit_generation_time", "jit_inlining_count", "jit_inlining_time", "jit_optimization_count", "jit_optimization_time", "jit_emission_count", "jit_emission_time", "jit_deform_count", "jit_deform_time", "stats_since", "minmax_stats_since") VALUES (16387, 5, true, 8223168436431050338, 'SELECT * FROM "media"', 0, 0, 0, 0, 0, 0, 1, 0.05005, 0.05005, 0.05005, 0.05005, 0, 8, 1, 0, 0, 0, 0, 0, 0, 0, 0, 0, 0, 0, 0, 0, 0, 0, 0, 0, '"0"', 0, 0, 0, 0, 0, 0, 0, 0, 0, 0, '2026-02-11T18:53:16.732Z', '2026-02-11T18:53:16.732Z');
INSERT INTO "pg_stat_statements" ("userid", "dbid", "toplevel", "queryid", "query", "plans", "total_plan_time", "min_plan_time", "max_plan_time", "mean_plan_time", "stddev_plan_time", "calls", "total_exec_time", "min_exec_time", "max_exec_time", "mean_exec_time", "stddev_exec_time", "rows", "shared_blks_hit", "shared_blks_read", "shared_blks_dirtied", "shared_blks_written", "local_blks_hit", "local_blks_read", "local_blks_dirtied", "local_blks_written", "temp_blks_read", "temp_blks_written", "shared_blk_read_time", "shared_blk_write_time", "local_blk_read_time", "local_blk_write_time", "temp_blk_read_time", "temp_blk_write_time", "wal_records", "wal_fpi", "wal_bytes", "jit_functions", "jit_generation_time", "jit_inlining_count", "jit_inlining_time", "jit_optimization_count", "jit_optimization_time", "jit_emission_count", "jit_emission_time", "jit_deform_count", "jit_deform_time", "stats_since", "minmax_stats_since") VALUES (16387, 5, true, -1779959886879146751, 'SELECT * FROM "tenants"', 0, 0, 0, 0, 0, 0, 1, 0.05305, 0.05305, 0.05305, 0.05305, 0, 2, 3, 0, 0, 0, 0, 0, 0, 0, 0, 0, 0, 0, 0, 0, 0, 0, 0, 0, '"0"', 0, 0, 0, 0, 0, 0, 0, 0, 0, 0, '2026-02-11T18:53:16.422Z', '2026-02-11T18:53:16.422Z');
INSERT INTO "pg_stat_statements" ("userid", "dbid", "toplevel", "queryid", "query", "plans", "total_plan_time", "min_plan_time", "max_plan_time", "mean_plan_time", "stddev_plan_time", "calls", "total_exec_time", "min_exec_time", "max_exec_time", "mean_exec_time", "stddev_exec_time", "rows", "shared_blks_hit", "shared_blks_read", "shared_blks_dirtied", "shared_blks_written", "local_blks_hit", "local_blks_read", "local_blks_dirtied", "local_blks_written", "temp_blks_read", "temp_blks_written", "shared_blk_read_time", "shared_blk_write_time", "local_blk_read_time", "local_blk_write_time", "temp_blk_read_time", "temp_blk_write_time", "wal_records", "wal_fpi", "wal_bytes", "jit_functions", "jit_generation_time", "jit_inlining_count", "jit_inlining_time", "jit_optimization_count", "jit_optimization_time", "jit_emission_count", "jit_emission_time", "jit_deform_count", "jit_deform_time", "stats_since", "minmax_stats_since") VALUES (16387, 5, true, -1434511725677380270, 'SELECT
                  sequence_name,
                  sequence_schema AS namespace,
                  start_value::INT8,
                  minimum_value::INT8 AS min_value,
                  maximum_value::INT8 AS max_value,
                  increment::INT8 AS increment_by,
                  (CASE cycle_option WHEN $2 THEN $3 ELSE $4 END) AS cycle,
                  $5::INT8 AS cache_size
              FROM information_schema.sequences
              WHERE sequence_schema = ANY ( $1 )
              ORDER BY sequence_name', 0, 0, 0, 0, 0, 0, 1, 0.24555999999999997, 0.24555999999999997, 0.24555999999999997, 0.24555999999999997, 0, 10, 74, 0, 0, 0, 0, 0, 0, 0, 0, 0, 0, 0, 0, 0, 0, 0, 0, 0, '"0"', 0, 0, 0, 0, 0, 0, 0, 0, 0, 0, '2026-02-11T18:32:39.524Z', '2026-02-11T18:32:39.524Z');
INSERT INTO "pg_stat_statements" ("userid", "dbid", "toplevel", "queryid", "query", "plans", "total_plan_time", "min_plan_time", "max_plan_time", "mean_plan_time", "stddev_plan_time", "calls", "total_exec_time", "min_exec_time", "max_exec_time", "mean_exec_time", "stddev_exec_time", "rows", "shared_blks_hit", "shared_blks_read", "shared_blks_dirtied", "shared_blks_written", "local_blks_hit", "local_blks_read", "local_blks_dirtied", "local_blks_written", "temp_blks_read", "temp_blks_written", "shared_blk_read_time", "shared_blk_write_time", "local_blk_read_time", "local_blk_write_time", "temp_blk_read_time", "temp_blk_write_time", "wal_records", "wal_fpi", "wal_bytes", "jit_functions", "jit_generation_time", "jit_inlining_count", "jit_inlining_time", "jit_optimization_count", "jit_optimization_time", "jit_emission_count", "jit_emission_time", "jit_deform_count", "jit_deform_time", "stats_since", "minmax_stats_since") VALUES (16387, 5, true, 547227194434464595, 'SELECT * FROM "business_profile"', 0, 0, 0, 0, 0, 0, 1, 0.02633, 0.02633, 0.02633, 0.02633, 0, 1, 1, 0, 0, 0, 0, 0, 0, 0, 0, 0, 0, 0, 0, 0, 0, 0, 0, 0, '"0"', 0, 0, 0, 0, 0, 0, 0, 0, 0, 0, '2026-02-11T18:53:18.879Z', '2026-02-11T18:53:18.879Z');
INSERT INTO "pg_stat_statements" ("userid", "dbid", "toplevel", "queryid", "query", "plans", "total_plan_time", "min_plan_time", "max_plan_time", "mean_plan_time", "stddev_plan_time", "calls", "total_exec_time", "min_exec_time", "max_exec_time", "mean_exec_time", "stddev_exec_time", "rows", "shared_blks_hit", "shared_blks_read", "shared_blks_dirtied", "shared_blks_written", "local_blks_hit", "local_blks_read", "local_blks_dirtied", "local_blks_written", "temp_blks_read", "temp_blks_written", "shared_blk_read_time", "shared_blk_write_time", "local_blk_read_time", "local_blk_write_time", "temp_blk_read_time", "temp_blk_write_time", "wal_records", "wal_fpi", "wal_bytes", "jit_functions", "jit_generation_time", "jit_inlining_count", "jit_inlining_time", "jit_optimization_count", "jit_optimization_time", "jit_emission_count", "jit_emission_time", "jit_deform_count", "jit_deform_time", "stats_since", "minmax_stats_since") VALUES (16387, 5, true, 3566440831640761499, 'delete from "payload_locked_documents" where $1', 0, 0, 0, 0, 0, 0, 3, 0.01591, 0.0020499999999999997, 0.00716, 0.0053033333333333335, 0.0023081064870485407, 0, 0, 0, 0, 0, 0, 0, 0, 0, 0, 0, 0, 0, 0, 0, 0, 0, 0, 0, '"0"', 0, 0, 0, 0, 0, 0, 0, 0, 0, 0, '2026-02-11T17:48:02.947Z', '2026-02-11T17:48:02.947Z');
INSERT INTO "pg_stat_statements" ("userid", "dbid", "toplevel", "queryid", "query", "plans", "total_plan_time", "min_plan_time", "max_plan_time", "mean_plan_time", "stddev_plan_time", "calls", "total_exec_time", "min_exec_time", "max_exec_time", "mean_exec_time", "stddev_exec_time", "rows", "shared_blks_hit", "shared_blks_read", "shared_blks_dirtied", "shared_blks_written", "local_blks_hit", "local_blks_read", "local_blks_dirtied", "local_blks_written", "temp_blks_read", "temp_blks_written", "shared_blk_read_time", "shared_blk_write_time", "local_blk_read_time", "local_blk_write_time", "temp_blk_read_time", "temp_blk_write_time", "wal_records", "wal_fpi", "wal_bytes", "jit_functions", "jit_generation_time", "jit_inlining_count", "jit_inlining_time", "jit_optimization_count", "jit_optimization_time", "jit_emission_count", "jit_emission_time", "jit_deform_count", "jit_deform_time", "stats_since", "minmax_stats_since") VALUES (16387, 5, true, -4810857144206754431, 'select "id", "tenant_id", "alt", "updated_at", "created_at", "url", "thumbnail_u_r_l", "filename", "mime_type", "filesize", "width", "height", "focal_x", "focal_y", "sizes_thumbnail_url", "sizes_thumbnail_width", "sizes_thumbnail_height", "sizes_thumbnail_mime_type", "sizes_thumbnail_filesize", "sizes_thumbnail_filename", "sizes_square_url", "sizes_square_width", "sizes_square_height", "sizes_square_mime_type", "sizes_square_filesize", "sizes_square_filename", "sizes_small_url", "sizes_small_width", "sizes_small_height", "sizes_small_mime_type", "sizes_small_filesize", "sizes_small_filename", "sizes_medium_url", "sizes_medium_width", "sizes_medium_height", "sizes_medium_mime_type", "sizes_medium_filesize", "sizes_medium_filename", "sizes_large_url", "sizes_large_width", "sizes_large_height", "sizes_large_mime_type", "sizes_large_filesize", "sizes_large_filename", "sizes_xlarge_url", "sizes_xlarge_width", "sizes_xlarge_height", "sizes_xlarge_mime_type", "sizes_xlarge_filesize", "sizes_xlarge_filename" from "media" "media" where "media"."id" in ($1) order by "media"."created_at" desc', 0, 0, 0, 0, 0, 0, 53, 9.277573999999998, 0.01714, 5.587107, 0.17504856603773583, 0.7685143135864334, 53, 109, 0, 0, 0, 0, 0, 0, 0, 0, 0, 0, 0, 0, 0, 0, 0, 0, 0, '"0"', 0, 0, 0, 0, 0, 0, 0, 0, 0, 0, '2026-02-11T17:33:06.896Z', '2026-02-11T17:33:06.896Z');
INSERT INTO "pg_stat_statements" ("userid", "dbid", "toplevel", "queryid", "query", "plans", "total_plan_time", "min_plan_time", "max_plan_time", "mean_plan_time", "stddev_plan_time", "calls", "total_exec_time", "min_exec_time", "max_exec_time", "mean_exec_time", "stddev_exec_time", "rows", "shared_blks_hit", "shared_blks_read", "shared_blks_dirtied", "shared_blks_written", "local_blks_hit", "local_blks_read", "local_blks_dirtied", "local_blks_written", "temp_blks_read", "temp_blks_written", "shared_blk_read_time", "shared_blk_write_time", "local_blk_read_time", "local_blk_write_time", "temp_blk_read_time", "temp_blk_write_time", "wal_records", "wal_fpi", "wal_bytes", "jit_functions", "jit_generation_time", "jit_inlining_count", "jit_inlining_time", "jit_optimization_count", "jit_optimization_time", "jit_emission_count", "jit_emission_time", "jit_deform_count", "jit_deform_time", "stats_since", "minmax_stats_since") VALUES (16387, 5, true, -8777947140519147959, 'select "id", "name", "slug", "updated_at", "created_at", "_status" from "tenants" "tenants" where "tenants"."id" in ($1) order by "tenants"."created_at" desc limit $2', 0, 0, 0, 0, 0, 0, 1, 0.025089999999999998, 0.025089999999999998, 0.025089999999999998, 0.025089999999999998, 0, 1, 2, 0, 0, 0, 0, 0, 0, 0, 0, 0, 0, 0, 0, 0, 0, 0, 0, 0, '"0"', 0, 0, 0, 0, 0, 0, 0, 0, 0, 0, '2026-02-11T17:47:55.348Z', '2026-02-11T17:47:55.348Z');
INSERT INTO "pg_stat_statements" ("userid", "dbid", "toplevel", "queryid", "query", "plans", "total_plan_time", "min_plan_time", "max_plan_time", "mean_plan_time", "stddev_plan_time", "calls", "total_exec_time", "min_exec_time", "max_exec_time", "mean_exec_time", "stddev_exec_time", "rows", "shared_blks_hit", "shared_blks_read", "shared_blks_dirtied", "shared_blks_written", "local_blks_hit", "local_blks_read", "local_blks_dirtied", "local_blks_written", "temp_blks_read", "temp_blks_written", "shared_blk_read_time", "shared_blk_write_time", "local_blk_read_time", "local_blk_write_time", "temp_blk_read_time", "temp_blk_write_time", "wal_records", "wal_fpi", "wal_bytes", "jit_functions", "jit_generation_time", "jit_inlining_count", "jit_inlining_time", "jit_optimization_count", "jit_optimization_time", "jit_emission_count", "jit_emission_time", "jit_deform_count", "jit_deform_time", "stats_since", "minmax_stats_since") VALUES (16387, 5, true, -3671493183543351895, 'select "contact_departments"."id", "contact_departments"."tenant_id", "contact_departments"."whatsapp", "contact_departments"."telegram", "contact_departments"."sms", "contact_departments"."telephone", "contact_departments"."order", "contact_departments"."updated_at", "contact_departments"."created_at", "contact_departments__locales"."data" as "_locales" from "contact_departments" "contact_departments" left join lateral (select coalesce(json_agg(json_build_array("contact_departments__locales"."title", "contact_departments__locales"."phone", "contact_departments__locales"."_locale")), $3::json) as "data" from "contact_departments_locales" "contact_departments__locales" where "contact_departments__locales"."_parent_id" = "contact_departments"."id") "contact_departments__locales" on $4 where "contact_departments"."tenant_id" = $1 order by "contact_departments"."order" asc, "contact_departments"."created_at" desc limit $2', 0, 0, 0, 0, 0, 0, 36, 8.026733, 0.0208, 2.332918, 0.22296480555555553, 0.4307129113896078, 232, 427, 0, 0, 0, 0, 0, 0, 0, 0, 0, 0, 0, 0, 0, 0, 0, 0, 0, '"0"', 0, 0, 0, 0, 0, 0, 0, 0, 0, 0, '2026-02-11T17:27:35.385Z', '2026-02-11T17:27:35.385Z');
INSERT INTO "pg_stat_statements" ("userid", "dbid", "toplevel", "queryid", "query", "plans", "total_plan_time", "min_plan_time", "max_plan_time", "mean_plan_time", "stddev_plan_time", "calls", "total_exec_time", "min_exec_time", "max_exec_time", "mean_exec_time", "stddev_exec_time", "rows", "shared_blks_hit", "shared_blks_read", "shared_blks_dirtied", "shared_blks_written", "local_blks_hit", "local_blks_read", "local_blks_dirtied", "local_blks_written", "temp_blks_read", "temp_blks_written", "shared_blk_read_time", "shared_blk_write_time", "local_blk_read_time", "local_blk_write_time", "temp_blk_read_time", "temp_blk_write_time", "wal_records", "wal_fpi", "wal_bytes", "jit_functions", "jit_generation_time", "jit_inlining_count", "jit_inlining_time", "jit_optimization_count", "jit_optimization_time", "jit_emission_count", "jit_emission_time", "jit_deform_count", "jit_deform_time", "stats_since", "minmax_stats_since") VALUES (16387, 5, true, -584099273750980169, 'insert into "contact_departments_locales" ("title", "phone", "id", "_locale", "_parent_id") values ($1, $2, default, $3, $4) returning "title", "phone", "id", "_locale", "_parent_id"', 0, 0, 0, 0, 0, 0, 3, 1.4922499999999999, 0.48661, 0.5104299999999999, 0.4974166666666667, 0.00984886231444467, 3, 65, 0, 6, 0, 0, 0, 0, 0, 0, 0, 0, 0, 0, 0, 0, 0, 11, 4, '"8339"', 0, 0, 0, 0, 0, 0, 0, 0, 0, 0, '2026-02-11T17:48:09.075Z', '2026-02-11T17:48:09.075Z');
INSERT INTO "pg_stat_statements" ("userid", "dbid", "toplevel", "queryid", "query", "plans", "total_plan_time", "min_plan_time", "max_plan_time", "mean_plan_time", "stddev_plan_time", "calls", "total_exec_time", "min_exec_time", "max_exec_time", "mean_exec_time", "stddev_exec_time", "rows", "shared_blks_hit", "shared_blks_read", "shared_blks_dirtied", "shared_blks_written", "local_blks_hit", "local_blks_read", "local_blks_dirtied", "local_blks_written", "temp_blks_read", "temp_blks_written", "shared_blk_read_time", "shared_blk_write_time", "local_blk_read_time", "local_blk_write_time", "temp_blk_read_time", "temp_blk_write_time", "wal_records", "wal_fpi", "wal_bytes", "jit_functions", "jit_generation_time", "jit_inlining_count", "jit_inlining_time", "jit_optimization_count", "jit_optimization_time", "jit_emission_count", "jit_emission_time", "jit_deform_count", "jit_deform_time", "stats_since", "minmax_stats_since") VALUES (16387, 5, true, 7649855260836625870, 'select calls, query, stats_since, total_exec_time + total_plan_time as duration, now() from pg_stat_statements where query not like $1 -- prisma:console;', 0, 0, 0, 0, 0, 0, 2, 0.6274500000000001, 0.28716, 0.34029, 0.31372500000000003, 0.026564999999999964, 5, 0, 0, 0, 0, 0, 0, 0, 0, 0, 0, 0, 0, 0, 0, 0, 0, 0, 0, '"0"', 0, 0, 0, 0, 0, 0, 0, 0, 0, 0, '2026-02-11T17:12:29.769Z', '2026-02-11T17:12:29.769Z');
INSERT INTO "pg_stat_statements" ("userid", "dbid", "toplevel", "queryid", "query", "plans", "total_plan_time", "min_plan_time", "max_plan_time", "mean_plan_time", "stddev_plan_time", "calls", "total_exec_time", "min_exec_time", "max_exec_time", "mean_exec_time", "stddev_exec_time", "rows", "shared_blks_hit", "shared_blks_read", "shared_blks_dirtied", "shared_blks_written", "local_blks_hit", "local_blks_read", "local_blks_dirtied", "local_blks_written", "temp_blks_read", "temp_blks_written", "shared_blk_read_time", "shared_blk_write_time", "local_blk_read_time", "local_blk_write_time", "temp_blk_read_time", "temp_blk_write_time", "wal_records", "wal_fpi", "wal_bytes", "jit_functions", "jit_generation_time", "jit_inlining_count", "jit_inlining_time", "jit_optimization_count", "jit_optimization_time", "jit_emission_count", "jit_emission_time", "jit_deform_count", "jit_deform_time", "stats_since", "minmax_stats_since") VALUES (16387, 5, true, -1871786396734415319, 'WITH rawindex AS (
    SELECT
        indrelid, 
        indexrelid,
        indisunique,
        indisprimary,
        unnest(indkey) AS indkeyid,
        generate_subscripts(indkey, $2) AS indkeyidx,
        unnest(indclass) AS indclass,
        unnest(indoption) AS indoption
    FROM pg_index -- https://www.postgresql.org/docs/current/catalog-pg-index.html
    WHERE
        indpred IS NULL -- filter out partial indexes
        AND NOT indisexclusion -- filter out exclusion constraints
)
SELECT
    schemainfo.nspname AS namespace,
    indexinfo.relname AS index_name,
    tableinfo.relname AS table_name,
    columninfo.attname AS column_name,
    rawindex.indisunique AS is_unique,
    rawindex.indisprimary AS is_primary_key,
    rawindex.indkeyidx AS column_index,
    opclass.opcname AS opclass,
    opclass.opcdefault AS opcdefault,
    indexaccess.amname AS index_algo,
    CASE rawindex.indoption & $3
        WHEN $4 THEN $5
        ELSE $6 END
        AS column_order,
    CASE rawindex.indoption & $7
        WHEN $8 THEN $9
        ELSE $10 END
        AS nulls_first,
    pc.condeferrable AS condeferrable,
    pc.condeferred AS condeferred
FROM
    rawindex
    INNER JOIN pg_class AS tableinfo ON tableinfo.oid = rawindex.indrelid
    INNER JOIN pg_class AS indexinfo ON indexinfo.oid = rawindex.indexrelid
    INNER JOIN pg_namespace AS schemainfo ON schemainfo.oid = tableinfo.relnamespace
    LEFT JOIN pg_attribute AS columninfo
        ON columninfo.attrelid = tableinfo.oid AND columninfo.attnum = rawindex.indkeyid
    INNER JOIN pg_am AS indexaccess ON indexaccess.oid = indexinfo.relam
    LEFT JOIN pg_opclass AS opclass -- left join because crdb has no opclasses
        ON opclass.oid = rawindex.indclass
    LEFT JOIN pg_constraint pc ON rawindex.indexrelid = pc.conindid AND pc.contype <> $11
WHERE schemainfo.nspname = ANY ( $1 )
ORDER BY namespace, table_name, index_name, column_index', 0, 0, 0, 0, 0, 0, 1, 3.765937, 3.765937, 3.765937, 3.765937, 0, 155, 1913, 0, 0, 0, 0, 0, 0, 0, 0, 0, 0, 0, 0, 0, 0, 0, 0, 0, '"0"', 0, 0, 0, 0, 0, 0, 0, 0, 0, 0, '2026-02-11T18:32:37.990Z', '2026-02-11T18:32:37.990Z');

INSERT INTO "payload_locked_documents_rels" ("id", "order", "parent_id", "path", "media_id", "users_id", "tenants_id", "business_profile_id", "business_themes_id", "image_galleries_id", "contact_departments_id", "social_links_id", "business_partners_id", "business_locations_id", "about_business_id", "section_titles_id", "tenant_link_configuration_id", "business_services_id", "partners_carousel_settings_id") VALUES (38, NULL, '171fd7cc-7dc1-429e-9193-9a20efc8fb9f', 'user', NULL, 'b9c13db9-ef34-480f-b07b-89d113599f53', NULL, NULL, NULL, NULL, NULL, NULL, NULL, NULL, NULL, NULL, NULL, NULL, NULL);

INSERT INTO "about_business" ("id", "updated_at", "created_at", "tenant_id") VALUES ('7cadbe84-b5df-4624-bc08-321be04c05cd', '2026-02-10T17:18:21.637Z', '2026-01-30T20:20:14.026Z', '4a7b8a23-1609-49d7-9852-0710f9aaf3c1');

INSERT INTO "section_titles" ("id", "tenant_id", "section_type", "updated_at", "created_at") VALUES ('14321e0d-8a56-4657-b8ca-5de702decb6a', '4a7b8a23-1609-49d7-9852-0710f9aaf3c1', 'about', '2026-02-10T17:25:51.804Z', '2026-01-30T20:32:49.417Z');
INSERT INTO "section_titles" ("id", "tenant_id", "section_type", "updated_at", "created_at") VALUES ('fb752bd6-325b-47ab-b823-b29a119ea005', '4a7b8a23-1609-49d7-9852-0710f9aaf3c1', 'contact', '2026-02-10T17:26:05.001Z', '2026-01-30T20:32:36.024Z');
INSERT INTO "section_titles" ("id", "tenant_id", "section_type", "updated_at", "created_at") VALUES ('b7a4e8eb-3a4a-491b-98a8-acf4abd79dc1', '4a7b8a23-1609-49d7-9852-0710f9aaf3c1', 'partners', '2026-02-10T17:27:13.902Z', '2026-01-30T20:51:51.762Z');
INSERT INTO "section_titles" ("id", "tenant_id", "section_type", "updated_at", "created_at") VALUES ('b60394f5-2cb0-41b8-9142-5169684625f4', '4a7b8a23-1609-49d7-9852-0710f9aaf3c1', 'services', '2026-02-10T17:28:15.956Z', '2026-02-10T17:10:16.074Z');
INSERT INTO "section_titles" ("id", "tenant_id", "section_type", "updated_at", "created_at") VALUES ('66e47788-95ad-4572-9384-774b3cca65e8', '4a7b8a23-1609-49d7-9852-0710f9aaf3c1', 'social', '2026-02-10T17:28:41.856Z', '2026-01-30T20:32:10.702Z');
INSERT INTO "section_titles" ("id", "tenant_id", "section_type", "updated_at", "created_at") VALUES ('86e6d18c-f048-43d7-ab22-5fb6bc538f88', '4a7b8a23-1609-49d7-9852-0710f9aaf3c1', 'gallery', '2026-02-10T17:29:09.690Z', '2026-01-30T20:33:37.176Z');
INSERT INTO "section_titles" ("id", "tenant_id", "section_type", "updated_at", "created_at") VALUES ('f2410b0a-11f2-41af-b047-40b3b2531b98', '4a7b8a23-1609-49d7-9852-0710f9aaf3c1', 'locations', '2026-02-10T17:29:55.959Z', '2026-01-30T20:33:09.092Z');

INSERT INTO "section_titles_locales" ("title", "id", "_locale", "_parent_id") VALUES ('Who We Are', 9, 'en', '14321e0d-8a56-4657-b8ca-5de702decb6a');
INSERT INTO "section_titles_locales" ("title", "id", "_locale", "_parent_id") VALUES ('من نحن', 10, 'ar', '14321e0d-8a56-4657-b8ca-5de702decb6a');
INSERT INTO "section_titles_locales" ("title", "id", "_locale", "_parent_id") VALUES ('Get in Touch', 11, 'en', 'fb752bd6-325b-47ab-b823-b29a119ea005');
INSERT INTO "section_titles_locales" ("title", "id", "_locale", "_parent_id") VALUES ('تواصل معنا', 12, 'ar', 'fb752bd6-325b-47ab-b823-b29a119ea005');
INSERT INTO "section_titles_locales" ("title", "id", "_locale", "_parent_id") VALUES ('Our Partners', 17, 'en', 'b7a4e8eb-3a4a-491b-98a8-acf4abd79dc1');
INSERT INTO "section_titles_locales" ("title", "id", "_locale", "_parent_id") VALUES ('شركاؤنا', 18, 'ar', 'b7a4e8eb-3a4a-491b-98a8-acf4abd79dc1');
INSERT INTO "section_titles_locales" ("title", "id", "_locale", "_parent_id") VALUES ('Energy Solutions', 19, 'en', 'b60394f5-2cb0-41b8-9142-5169684625f4');
INSERT INTO "section_titles_locales" ("title", "id", "_locale", "_parent_id") VALUES ('خدماتنا', 20, 'ar', 'b60394f5-2cb0-41b8-9142-5169684625f4');
INSERT INTO "section_titles_locales" ("title", "id", "_locale", "_parent_id") VALUES ('Follow Our Journey', 21, 'en', '66e47788-95ad-4572-9384-774b3cca65e8');
INSERT INTO "section_titles_locales" ("title", "id", "_locale", "_parent_id") VALUES ('تابع رحلتنا', 22, 'ar', '66e47788-95ad-4572-9384-774b3cca65e8');
INSERT INTO "section_titles_locales" ("title", "id", "_locale", "_parent_id") VALUES ('Our Stations & Fleet', 23, 'en', '86e6d18c-f048-43d7-ab22-5fb6bc538f88');
INSERT INTO "section_titles_locales" ("title", "id", "_locale", "_parent_id") VALUES ('محطاتنا وأسطولنا', 24, 'ar', '86e6d18c-f048-43d7-ab22-5fb6bc538f88');
INSERT INTO "section_titles_locales" ("title", "id", "_locale", "_parent_id") VALUES ('Where to Fuel Up', 25, 'en', 'f2410b0a-11f2-41af-b047-40b3b2531b98');
INSERT INTO "section_titles_locales" ("title", "id", "_locale", "_parent_id") VALUES ('أين تتزوّد بالوقود', 26, 'ar', 'f2410b0a-11f2-41af-b047-40b3b2531b98');

INSERT INTO "business_themes" ("id", "tenant_id", "name", "updated_at", "created_at", "light_background_type", "light_background_color", "light_background_image_id", "dark_background_type", "dark_background_color", "dark_background_image_id", "theme_type", "primary_color", "secondary_color") VALUES ('b76211eb-d9f2-4682-97ea-bed289eb1852', '4a7b8a23-1609-49d7-9852-0710f9aaf3c1', 'test', '2026-02-09T17:36:46.941Z', '2026-01-30T21:02:39.947Z', 'color', '#fffff', NULL, 'color', '#000000', NULL, 'business', '#c30811', '#126c36');

INSERT INTO "business_profile_locales" ("business_name", "slogan", "id", "_locale", "_parent_id") VALUES ('A.K.G', 'Power and energy in every step.', 4, 'en', '3b0fd9ad-7174-4b29-88ee-c862ad6b1f55');
INSERT INTO "business_profile_locales" ("business_name", "slogan", "id", "_locale", "_parent_id") VALUES ('AKG', 'طاقة وقوة في كل خطوة', 5, 'ar', '3b0fd9ad-7174-4b29-88ee-c862ad6b1f55');

INSERT INTO "about_business_locales" ("description", "id", "_locale", "_parent_id") VALUES ('"Committed to delivering energy reliably across Lebanon, one step at a time."', 2, 'en', '7cadbe84-b5df-4624-bc08-321be04c05cd');
INSERT INTO "about_business_locales" ("description", "id", "_locale", "_parent_id") VALUES ('نلتزم بتوفير الطاقة بشكل موثوق في جميع أنحاء لبنان، خطوةً بخطوة.', 3, 'ar', '7cadbe84-b5df-4624-bc08-321be04c05cd');

INSERT INTO "contact_departments_locales" ("title", "phone", "id", "_locale", "_parent_id") VALUES ('Call Us Now', '+961  81 321 221', 47, 'en', '437fd532-e1d5-49a0-9faf-2b982df1c2c7');
INSERT INTO "contact_departments_locales" ("title", "phone", "id", "_locale", "_parent_id") VALUES ('اتصل بنا الآن', '  ٢٢١ ٣٢١ ٨١  ٩٦١+', 48, 'ar', '437fd532-e1d5-49a0-9faf-2b982df1c2c7');
INSERT INTO "contact_departments_locales" ("title", "phone", "id", "_locale", "_parent_id") VALUES ('Oil Department – Chat & Calls', '+961 76 120 177', 51, 'en', 'fa1e2a7f-acca-4d47-b1aa-340cccbea394');
INSERT INTO "contact_departments_locales" ("title", "phone", "id", "_locale", "_parent_id") VALUES ('قسم النفط – دردشة ومكالمات', ' ١٧٧ ١٢٠ ٧٦ ٩٦١+', 52, 'ar', 'fa1e2a7f-acca-4d47-b1aa-340cccbea394');
INSERT INTO "contact_departments_locales" ("title", "phone", "id", "_locale", "_parent_id") VALUES ('Oil Department – Telephone Line', '+961 70 500 043', 53, 'en', 'dfbd2800-de36-47c1-a45c-79648d61f8fd');
INSERT INTO "contact_departments_locales" ("title", "phone", "id", "_locale", "_parent_id") VALUES ('قسم الزيوت', '٠٤٣ ٥٠٠ ٧٠ ٩٦١+', 54, 'ar', 'dfbd2800-de36-47c1-a45c-79648d61f8fd');
INSERT INTO "contact_departments_locales" ("title", "phone", "id", "_locale", "_parent_id") VALUES ('For Quick Inquiries', '+961 07 260 937', 55, 'en', '4c6fb306-358e-41dd-b5e5-72aebcb3ef30');
INSERT INTO "contact_departments_locales" ("title", "phone", "id", "_locale", "_parent_id") VALUES ('للاستفسارات السريعة', '٩٣٥ ٢٦٠ ٠٧ ٩٦١+', 56, 'ar', '4c6fb306-358e-41dd-b5e5-72aebcb3ef30');
INSERT INTO "contact_departments_locales" ("title", "phone", "id", "_locale", "_parent_id") VALUES ('Call Us Now', '+961 07 260 936', 57, 'en', '5fd389c1-175e-4777-9196-99dab45f9323');
INSERT INTO "contact_departments_locales" ("title", "phone", "id", "_locale", "_parent_id") VALUES ('اتصل بنا الآن', '٩٣٦ ٢٦٠ ٠٧ ٩٦١+', 58, 'ar', '5fd389c1-175e-4777-9196-99dab45f9323');
INSERT INTO "contact_departments_locales" ("title", "phone", "id", "_locale", "_parent_id") VALUES ('Call Us Now', '+961 07 260 935', 59, 'en', '3f720ea3-e6e5-43f1-bd37-5999239c3909');
INSERT INTO "contact_departments_locales" ("title", "phone", "id", "_locale", "_parent_id") VALUES ('اتصل بنا الآن', '٩٣٧ ٢٦٠ ٠٧ ٩٦١+', 60, 'ar', '3f720ea3-e6e5-43f1-bd37-5999239c3909');
INSERT INTO "contact_departments_locales" ("title", "phone", "id", "_locale", "_parent_id") VALUES ('test', '+961 769 520 10', 62, 'ar', '23e9a728-e389-4dfe-b066-8c30bcffbaa2');
INSERT INTO "contact_departments_locales" ("title", "phone", "id", "_locale", "_parent_id") VALUES ('test 2', '+٩٦١ ٧٦ ٩٥ ٢٠ ١٠', 66, 'ar', 'b01ced45-bde0-4690-86d2-787c3779078f');

INSERT INTO "social_links_locales" ("label", "id", "_locale", "_parent_id") VALUES ('Instagram', 9, 'en', '54aedc2e-dcb3-47fb-9570-f8a8e69de7c7');
INSERT INTO "social_links_locales" ("label", "id", "_locale", "_parent_id") VALUES ('إنستغرام', 10, 'ar', '54aedc2e-dcb3-47fb-9570-f8a8e69de7c7');
INSERT INTO "social_links_locales" ("label", "id", "_locale", "_parent_id") VALUES ('Facebook', 11, 'en', '1e7a5de3-057f-41f7-aa1c-cfa1b3641116');
INSERT INTO "social_links_locales" ("label", "id", "_locale", "_parent_id") VALUES ('فيسبوك', 12, 'ar', '1e7a5de3-057f-41f7-aa1c-cfa1b3641116');

INSERT INTO "business_partners_locales" ("name", "id", "_locale", "_parent_id") VALUES ('Dach AKG', 10, 'en', 'c7b1e639-4531-482f-8291-97b87e031535');
INSERT INTO "business_partners_locales" ("name", "id", "_locale", "_parent_id") VALUES ('شركة الزيوت – داش AKG', 11, 'ar', 'c7b1e639-4531-482f-8291-97b87e031535');

INSERT INTO "business_locations_locales" ("title", "description", "id", "_locale", "_parent_id") VALUES ('Head Office', 'Kfar Reman Junction – Qanso Center', 6, 'en', '408f2e2f-ab02-488c-9c39-b2beb2a9c5a0');
INSERT INTO "business_locations_locales" ("title", "description", "id", "_locale", "_parent_id") VALUES ('المركز الرئيسي', ' مفرق كفررمان - سنتر قانصو', 7, 'ar', '408f2e2f-ab02-488c-9c39-b2beb2a9c5a0');
INSERT INTO "business_locations_locales" ("title", "description", "id", "_locale", "_parent_id") VALUES ('Main Branch ', 'Msayleh Al Radar', 10, 'en', '954660ce-63b3-45b2-9eb0-70f4720a699f');
INSERT INTO "business_locations_locales" ("title", "description", "id", "_locale", "_parent_id") VALUES ('فرع أول', ' المصيلح - الرادار', 11, 'ar', '954660ce-63b3-45b2-9eb0-70f4720a699f');

